2026-06-05 09:49:33 - Starting SpringBootAppApplication using Java 21.0.2 with PID 11044 (D:\Talent_Java\IdeaProjects\spring-boot-app\build\classes\java\main started by LENOVO z in D:\Talent_Java\IdeaProjects\spring-boot-app)
2026-06-05 09:49:33 - No active profile set, falling back to 1 default profile: "default"
2026-06-05 09:49:34 - Bootstrapping Spring Data JPA repositories in DEFAULT mode.
2026-06-05 09:49:34 - Finished Spring Data repository scanning in 93 ms. Found 2 JPA repository interfaces.
2026-06-05 09:49:36 - Tomcat initialized with port 8080 (http)
2026-06-05 09:49:36 - Initializing ProtocolHandler ["http-nio-8080"]
2026-06-05 09:49:36 - Starting service [Tomcat]
2026-06-05 09:49:36 - Starting Servlet engine: [Apache Tomcat/11.0.21]
2026-06-05 09:49:36 - Root WebApplicationContext: initialization completed in 2864 ms
2026-06-05 09:49:37 - HikariPool-1 - Starting...
2026-06-05 09:49:37 - HikariPool-1 - Added connection com.mysql.cj.jdbc.ConnectionImpl@21280cbb
2026-06-05 09:49:37 - HikariPool-1 - Start completed.
2026-06-05 09:49:37 - Database: jdbc:mysql://localhost:3306/atm_db (MySQL 8.0)
2026-06-05 09:49:38 - Schema history table `atm_db`.`flyway_schema_history` does not exist yet
2026-06-05 09:49:38 - Successfully validated 0 migrations (execution time 00:00.039s)
2026-06-05 09:49:38 - No migrations found. Are your locations set up correctly?
2026-06-05 09:49:38 - Error starting Tomcat context. Exception: org.springframework.beans.factory.UnsatisfiedDependencyException. Message: Error creating bean with name 'authServiceImpl' defined in file [D:\Talent_Java\IdeaProjects\spring-boot-app\build\classes\java\main\com\talent\java\batch11\springbootapp\security\AuthServiceImpl.class]: Unsatisfied dependency expressed through constructor parameter 0: Error creating bean with name 'tokenServiceImpl': Unsatisfied dependency expressed through field 'accountRepository': Error creating bean with name 'accountRepository' defined in com.talent.java.batch11.springbootapp.repository.AccountRepository defined in @EnableJpaRepositories declared on DataJpaRepositoriesRegistrar.EnableJpaRepositoriesConfiguration: Cannot resolve reference to bean 'jpaSharedEM_entityManagerFactory' while setting bean property 'entityManager'
2026-06-05 09:49:38 - Stopping service [Tomcat]
2026-06-05 09:49:38 - The web application [ROOT] appears to have started a thread named [HikariPool-1:housekeeper] but has failed to stop it. This is very likely to create a memory leak. Stack trace of thread:
 java.base/jdk.internal.misc.Unsafe.park(Native Method)
 java.base/java.util.concurrent.locks.LockSupport.parkNanos(LockSupport.java:269)
 java.base/java.util.concurrent.locks.AbstractQueuedSynchronizer$ConditionObject.awaitNanos(AbstractQueuedSynchronizer.java:1758)
 java.base/java.util.concurrent.ScheduledThreadPoolExecutor$DelayedWorkQueue.take(ScheduledThreadPoolExecutor.java:1182)
 java.base/java.util.concurrent.ScheduledThreadPoolExecutor$DelayedWorkQueue.take(ScheduledThreadPoolExecutor.java:899)
 java.base/java.util.concurrent.ThreadPoolExecutor.getTask(ThreadPoolExecutor.java:1070)
 java.base/java.util.concurrent.ThreadPoolExecutor.runWorker(ThreadPoolExecutor.java:1130)
 java.base/java.util.concurrent.ThreadPoolExecutor$Worker.run(ThreadPoolExecutor.java:642)
 java.base/java.lang.Thread.run(Thread.java:1583)
2026-06-05 09:49:38 - The web application [ROOT] appears to have started a thread named [HikariPool-1:connection-adder] but has failed to stop it. This is very likely to create a memory leak. Stack trace of thread:
 java.base/sun.security.util.math.intpoly.IntegerPolynomial.conditionalAssign(IntegerPolynomial.java:454)
 java.base/sun.security.util.math.intpoly.IntegerPolynomial$MutableElement.conditionalSet(IntegerPolynomial.java:685)
 jdk.crypto.ec/sun.security.ec.point.ProjectivePoint$Mutable.conditionalSet(ProjectivePoint.java:152)
 jdk.crypto.ec/sun.security.ec.point.ProjectivePoint$Mutable.conditionalSet(ProjectivePoint.java:145)
 jdk.crypto.ec/sun.security.ec.ECOperations$PointMultiplier.lookup(ECOperations.java:465)
 jdk.crypto.ec/sun.security.ec.ECOperations$PointMultiplier$Default.pointMultiply(ECOperations.java:525)
 jdk.crypto.ec/sun.security.ec.ECOperations.multiply(ECOperations.java:214)
 jdk.crypto.ec/sun.security.ec.ECDHKeyAgreement.validate(ECDHKeyAgreement.java:211)
 jdk.crypto.ec/sun.security.ec.ECDHKeyAgreement.engineDoPhase(ECDHKeyAgreement.java:149)
 java.base/javax.crypto.KeyAgreement.doPhase(KeyAgreement.java:583)
 java.base/sun.security.ssl.KAKeyDerivation.t13DeriveKey(KAKeyDerivation.java:103)
 java.base/sun.security.ssl.KAKeyDerivation.deriveKey(KAKeyDerivation.java:63)
 java.base/sun.security.ssl.ServerHello$T13ServerHelloConsumer.consume(ServerHello.java:1283)
 java.base/sun.security.ssl.ServerHello$ServerHelloConsumer.onServerHello(ServerHello.java:1001)
 java.base/sun.security.ssl.ServerHello$ServerHelloConsumer.consume(ServerHello.java:889)
 java.base/sun.security.ssl.SSLHandshake.consume(SSLHandshake.java:393)
 java.base/sun.security.ssl.HandshakeContext.dispatch(HandshakeContext.java:476)
 java.base/sun.security.ssl.HandshakeContext.dispatch(HandshakeContext.java:447)
 java.base/sun.security.ssl.TransportContext.dispatch(TransportContext.java:201)
 java.base/sun.security.ssl.SSLTransport.decode(SSLTransport.java:172)
 java.base/sun.security.ssl.SSLSocketImpl.decode(SSLSocketImpl.java:1506)
 java.base/sun.security.ssl.SSLSocketImpl.readHandshakeRecord(SSLSocketImpl.java:1421)
 java.base/sun.security.ssl.SSLSocketImpl.startHandshake(SSLSocketImpl.java:455)
 java.base/sun.security.ssl.SSLSocketImpl.startHandshake(SSLSocketImpl.java:426)
 com.mysql.cj.protocol.ExportControlled.performTlsHandshake(ExportControlled.java:208)
 com.mysql.cj.protocol.StandardSocketFactory.performTlsHandshake(StandardSocketFactory.java:183)
 com.mysql.cj.protocol.a.NativeSocketConnection.performTlsHandshake(NativeSocketConnection.java:91)
 com.mysql.cj.protocol.a.NativeProtocol.negotiateSSLConnection(NativeProtocol.java:356)
 com.mysql.cj.protocol.a.NativeAuthenticationProvider.connect(NativeAuthenticationProvider.java:199)
 com.mysql.cj.protocol.a.NativeProtocol.connect(NativeProtocol.java:1334)
 com.mysql.cj.NativeSession.connect(NativeSession.java:155)
 com.mysql.cj.jdbc.ConnectionImpl.connectOneTryOnly(ConnectionImpl.java:964)
 com.mysql.cj.jdbc.ConnectionImpl.createNewIO(ConnectionImpl.java:828)
 com.mysql.cj.jdbc.ConnectionImpl.<init>(ConnectionImpl.java:416)
 com.mysql.cj.jdbc.ConnectionImpl.getInstance(ConnectionImpl.java:237)
 com.mysql.cj.jdbc.NonRegisteringDriver.connect(NonRegisteringDriver.java:180)
 com.zaxxer.hikari.util.DriverDataSource.getConnection(DriverDataSource.java:144)
 com.zaxxer.hikari.pool.PoolBase.newConnection(PoolBase.java:373)
 com.zaxxer.hikari.pool.PoolBase.newPoolEntry(PoolBase.java:210)
 com.zaxxer.hikari.pool.HikariPool.createPoolEntry(HikariPool.java:488)
 com.zaxxer.hikari.pool.HikariPool$PoolEntryCreator.call(HikariPool.java:752)
 com.zaxxer.hikari.pool.HikariPool$PoolEntryCreator.call(HikariPool.java:731)
 java.base/java.util.concurrent.FutureTask.run(FutureTask.java:317)
 java.base/java.util.concurrent.ThreadPoolExecutor.runWorker(ThreadPoolExecutor.java:1144)
 java.base/java.util.concurrent.ThreadPoolExecutor$Worker.run(ThreadPoolExecutor.java:642)
 java.base/java.lang.Thread.run(Thread.java:1583)
2026-06-05 09:49:38 - Exception encountered during context initialization - cancelling refresh attempt: org.springframework.context.ApplicationContextException: Unable to start web server
2026-06-05 09:49:38 - HikariPool-1 - Shutdown initiated...
2026-06-05 09:49:38 - HikariPool-1 - Shutdown completed.
2026-06-05 09:49:38 - 

Error starting ApplicationContext. To display the condition evaluation report re-run your application with 'debug' enabled.
2026-06-05 09:49:38 - Application run failed
org.springframework.context.ApplicationContextException: Unable to start web server
	at org.springframework.boot.web.server.servlet.context.ServletWebServerApplicationContext.onRefresh(ServletWebServerApplicationContext.java:167)
	at org.springframework.context.support.AbstractApplicationContext.refresh(AbstractApplicationContext.java:615)
	at org.springframework.boot.web.server.servlet.context.ServletWebServerApplicationContext.refresh(ServletWebServerApplicationContext.java:143)
	at org.springframework.boot.SpringApplication.refresh(SpringApplication.java:756)
	at org.springframework.boot.SpringApplication.refreshContext(SpringApplication.java:445)
	at org.springframework.boot.SpringApplication.run(SpringApplication.java:321)
	at org.springframework.boot.SpringApplication.run(SpringApplication.java:1365)
	at org.springframework.boot.SpringApplication.run(SpringApplication.java:1354)
	at com.talent.java.batch11.springbootapp.SpringBootAppApplication.main(SpringBootAppApplication.java:10)
Caused by: org.springframework.boot.web.server.WebServerException: Unable to start embedded Tomcat
	at org.springframework.boot.tomcat.TomcatWebServer.initialize(TomcatWebServer.java:150)
	at org.springframework.boot.tomcat.TomcatWebServer.<init>(TomcatWebServer.java:110)
	at org.springframework.boot.tomcat.servlet.TomcatServletWebServerFactory.getTomcatWebServer(TomcatServletWebServerFactory.java:408)
	at org.springframework.boot.tomcat.servlet.TomcatServletWebServerFactory.getWebServer(TomcatServletWebServerFactory.java:166)
	at org.springframework.boot.web.server.servlet.context.ServletWebServerApplicationContext.createWebServer(ServletWebServerApplicationContext.java:190)
	at org.springframework.boot.web.server.servlet.context.ServletWebServerApplicationContext.onRefresh(ServletWebServerApplicationContext.java:164)
	... 8 common frames omitted
Caused by: org.springframework.beans.factory.UnsatisfiedDependencyException: Error creating bean with name 'authServiceImpl' defined in file [D:\Talent_Java\IdeaProjects\spring-boot-app\build\classes\java\main\com\talent\java\batch11\springbootapp\security\AuthServiceImpl.class]: Unsatisfied dependency expressed through constructor parameter 0: Error creating bean with name 'tokenServiceImpl': Unsatisfied dependency expressed through field 'accountRepository': Error creating bean with name 'accountRepository' defined in com.talent.java.batch11.springbootapp.repository.AccountRepository defined in @EnableJpaRepositories declared on DataJpaRepositoriesRegistrar.EnableJpaRepositoriesConfiguration: Cannot resolve reference to bean 'jpaSharedEM_entityManagerFactory' while setting bean property 'entityManager'
	at org.springframework.beans.factory.support.ConstructorResolver.createArgumentArray(ConstructorResolver.java:804)
	at org.springframework.beans.factory.support.ConstructorResolver.autowireConstructor(ConstructorResolver.java:240)
	at org.springframework.beans.factory.support.AbstractAutowireCapableBeanFactory.autowireConstructor(AbstractAutowireCapableBeanFactory.java:1382)
	at org.springframework.beans.factory.support.AbstractAutowireCapableBeanFactory.createBeanInstance(AbstractAutowireCapableBeanFactory.java:1221)
	at org.springframework.beans.factory.support.AbstractAutowireCapableBeanFactory.doCreateBean(AbstractAutowireCapableBeanFactory.java:565)
	at org.springframework.beans.factory.support.AbstractAutowireCapableBeanFactory.createBean(AbstractAutowireCapableBeanFactory.java:525)
	at org.springframework.beans.factory.support.AbstractBeanFactory.lambda$doGetBean$0(AbstractBeanFactory.java:333)
	at org.springframework.beans.factory.support.DefaultSingletonBeanRegistry.getSingleton(DefaultSingletonBeanRegistry.java:371)
	at org.springframework.beans.factory.support.AbstractBeanFactory.doGetBean(AbstractBeanFactory.java:331)
	at org.springframework.beans.factory.support.AbstractBeanFactory.getBean(AbstractBeanFactory.java:201)
	at org.springframework.boot.web.servlet.ServletContextInitializerBeans.getOrderedBeansOfType(ServletContextInitializerBeans.java:231)
	at org.springframework.boot.web.servlet.ServletContextInitializerBeans.addAsRegistrationBean(ServletContextInitializerBeans.java:185)
	at org.springframework.boot.web.servlet.ServletContextInitializerBeans.addAsRegistrationBean(ServletContextInitializerBeans.java:180)
	at org.springframework.boot.web.servlet.ServletContextInitializerBeans.addAdaptableBeans(ServletContextInitializerBeans.java:165)
	at org.springframework.boot.web.servlet.ServletContextInitializerBeans.<init>(ServletContextInitializerBeans.java:97)
	at org.springframework.boot.web.context.servlet.WebApplicationContextInitializer.initialize(WebApplicationContextInitializer.java:53)
	at org.springframework.boot.tomcat.servlet.DeferredServletContainerInitializers.onStartup(DeferredServletContainerInitializers.java:55)
	at org.apache.catalina.core.StandardContext.startInternal(StandardContext.java:4416)
	at org.apache.catalina.util.LifecycleBase.start(LifecycleBase.java:164)
	at org.apache.catalina.core.ContainerBase$StartChild.call(ContainerBase.java:1162)
	at org.apache.catalina.core.ContainerBase$StartChild.call(ContainerBase.java:1158)
	at java.base/java.util.concurrent.FutureTask.run(FutureTask.java:317)
	at org.apache.tomcat.util.threads.InlineExecutorService.execute(InlineExecutorService.java:81)
	at java.base/java.util.concurrent.AbstractExecutorService.submit(AbstractExecutorService.java:145)
	at org.apache.catalina.core.ContainerBase.startInternal(ContainerBase.java:714)
	at org.apache.catalina.core.StandardHost.startInternal(StandardHost.java:780)
	at org.apache.catalina.util.LifecycleBase.start(LifecycleBase.java:164)
	at org.apache.catalina.core.ContainerBase$StartChild.call(ContainerBase.java:1162)
	at org.apache.catalina.core.ContainerBase$StartChild.call(ContainerBase.java:1158)
	at java.base/java.util.concurrent.FutureTask.run(FutureTask.java:317)
	at org.apache.tomcat.util.threads.InlineExecutorService.execute(InlineExecutorService.java:81)
	at java.base/java.util.concurrent.AbstractExecutorService.submit(AbstractExecutorService.java:145)
	at org.apache.catalina.core.ContainerBase.startInternal(ContainerBase.java:714)
	at org.apache.catalina.core.StandardEngine.startInternal(StandardEngine.java:201)
	at org.apache.catalina.util.LifecycleBase.start(LifecycleBase.java:164)
	at org.apache.catalina.core.StandardService.startInternal(StandardService.java:410)
	at org.apache.catalina.util.LifecycleBase.start(LifecycleBase.java:164)
	at org.apache.catalina.core.StandardServer.startInternal(StandardServer.java:864)
	at org.apache.catalina.util.LifecycleBase.start(LifecycleBase.java:164)
	at org.apache.catalina.startup.Tomcat.start(Tomcat.java:435)
	at org.springframework.boot.tomcat.TomcatWebServer.initialize(TomcatWebServer.java:131)
	... 13 common frames omitted
Caused by: org.springframework.beans.factory.UnsatisfiedDependencyException: Error creating bean with name 'tokenServiceImpl': Unsatisfied dependency expressed through field 'accountRepository': Error creating bean with name 'accountRepository' defined in com.talent.java.batch11.springbootapp.repository.AccountRepository defined in @EnableJpaRepositories declared on DataJpaRepositoriesRegistrar.EnableJpaRepositoriesConfiguration: Cannot resolve reference to bean 'jpaSharedEM_entityManagerFactory' while setting bean property 'entityManager'
	at org.springframework.beans.factory.annotation.AutowiredAnnotationBeanPostProcessor$AutowiredFieldElement.resolveFieldValue(AutowiredAnnotationBeanPostProcessor.java:767)
	at org.springframework.beans.factory.annotation.AutowiredAnnotationBeanPostProcessor$AutowiredFieldElement.inject(AutowiredAnnotationBeanPostProcessor.java:748)
	at org.springframework.beans.factory.annotation.InjectionMetadata.inject(InjectionMetadata.java:146)
	at org.springframework.beans.factory.annotation.AutowiredAnnotationBeanPostProcessor.postProcessProperties(AutowiredAnnotationBeanPostProcessor.java:493)
	at org.springframework.beans.factory.support.AbstractAutowireCapableBeanFactory.populateBean(AbstractAutowireCapableBeanFactory.java:1446)
	at org.springframework.beans.factory.support.AbstractAutowireCapableBeanFactory.doCreateBean(AbstractAutowireCapableBeanFactory.java:602)
	at org.springframework.beans.factory.support.AbstractAutowireCapableBeanFactory.createBean(AbstractAutowireCapableBeanFactory.java:525)
	at org.springframework.beans.factory.support.AbstractBeanFactory.lambda$doGetBean$0(AbstractBeanFactory.java:333)
	at org.springframework.beans.factory.support.DefaultSingletonBeanRegistry.getSingleton(DefaultSingletonBeanRegistry.java:371)
	at org.springframework.beans.factory.support.AbstractBeanFactory.doGetBean(AbstractBeanFactory.java:331)
	at org.springframework.beans.factory.support.AbstractBeanFactory.getBean(AbstractBeanFactory.java:201)
	at org.springframework.beans.factory.config.DependencyDescriptor.resolveCandidate(DependencyDescriptor.java:229)
	at org.springframework.beans.factory.support.DefaultListableBeanFactory.doResolveDependency(DefaultListableBeanFactory.java:1762)
	at org.springframework.beans.factory.support.DefaultListableBeanFactory.resolveDependency(DefaultListableBeanFactory.java:1651)
	at org.springframework.beans.factory.support.ConstructorResolver.resolveAutowiredArgument(ConstructorResolver.java:912)
	at org.springframework.beans.factory.support.ConstructorResolver.createArgumentArray(ConstructorResolver.java:791)
	... 53 common frames omitted
Caused by: org.springframework.beans.factory.BeanCreationException: Error creating bean with name 'accountRepository' defined in com.talent.java.batch11.springbootapp.repository.AccountRepository defined in @EnableJpaRepositories declared on DataJpaRepositoriesRegistrar.EnableJpaRepositoriesConfiguration: Cannot resolve reference to bean 'jpaSharedEM_entityManagerFactory' while setting bean property 'entityManager'
	at org.springframework.beans.factory.support.BeanDefinitionValueResolver.resolveReference(BeanDefinitionValueResolver.java:377)
	at org.springframework.beans.factory.support.BeanDefinitionValueResolver.resolveValueIfNecessary(BeanDefinitionValueResolver.java:135)
	at org.springframework.beans.factory.support.AbstractAutowireCapableBeanFactory.applyPropertyValues(AbstractAutowireCapableBeanFactory.java:1712)
	at org.springframework.beans.factory.support.AbstractAutowireCapableBeanFactory.populateBean(AbstractAutowireCapableBeanFactory.java:1461)
	at org.springframework.beans.factory.support.AbstractAutowireCapableBeanFactory.doCreateBean(AbstractAutowireCapableBeanFactory.java:602)
	at org.springframework.beans.factory.support.AbstractAutowireCapableBeanFactory.createBean(AbstractAutowireCapableBeanFactory.java:525)
	at org.springframework.beans.factory.support.AbstractBeanFactory.lambda$doGetBean$0(AbstractBeanFactory.java:333)
	at org.springframework.beans.factory.support.DefaultSingletonBeanRegistry.getSingleton(DefaultSingletonBeanRegistry.java:371)
	at org.springframework.beans.factory.support.AbstractBeanFactory.doGetBean(AbstractBeanFactory.java:331)
	at org.springframework.beans.factory.support.AbstractBeanFactory.getBean(AbstractBeanFactory.java:201)
	at org.springframework.beans.factory.support.DefaultListableBeanFactory.resolveBean(DefaultListableBeanFactory.java:1225)
	at org.springframework.beans.factory.support.DefaultListableBeanFactory.doResolveDependency(DefaultListableBeanFactory.java:1704)
	at org.springframework.beans.factory.support.DefaultListableBeanFactory.resolveDependency(DefaultListableBeanFactory.java:1651)
	at org.springframework.beans.factory.annotation.AutowiredAnnotationBeanPostProcessor$AutowiredFieldElement.resolveFieldValue(AutowiredAnnotationBeanPostProcessor.java:764)
	... 68 common frames omitted
Caused by: org.springframework.beans.factory.BeanCreationException: Error creating bean with name 'jpaSharedEM_entityManagerFactory': Cannot resolve reference to bean 'entityManagerFactory' while setting constructor argument
	at org.springframework.beans.factory.support.BeanDefinitionValueResolver.resolveReference(BeanDefinitionValueResolver.java:377)
	at org.springframework.beans.factory.support.BeanDefinitionValueResolver.resolveValueIfNecessary(BeanDefinitionValueResolver.java:135)
	at org.springframework.beans.factory.support.ConstructorResolver.resolveConstructorArguments(ConstructorResolver.java:691)
	at org.springframework.beans.factory.support.ConstructorResolver.instantiateUsingFactoryMethod(ConstructorResolver.java:513)
	at org.springframework.beans.factory.support.AbstractAutowireCapableBeanFactory.instantiateUsingFactoryMethod(AbstractAutowireCapableBeanFactory.java:1362)
	at org.springframework.beans.factory.support.AbstractAutowireCapableBeanFactory.createBeanInstance(AbstractAutowireCapableBeanFactory.java:1194)
	at org.springframework.beans.factory.support.AbstractAutowireCapableBeanFactory.doCreateBean(AbstractAutowireCapableBeanFactory.java:565)
	at org.springframework.beans.factory.support.AbstractAutowireCapableBeanFactory.createBean(AbstractAutowireCapableBeanFactory.java:525)
	at org.springframework.beans.factory.support.AbstractBeanFactory.lambda$doGetBean$0(AbstractBeanFactory.java:333)
	at org.springframework.beans.factory.support.DefaultSingletonBeanRegistry.getSingleton(DefaultSingletonBeanRegistry.java:371)
	at org.springframework.beans.factory.support.AbstractBeanFactory.doGetBean(AbstractBeanFactory.java:331)
	at org.springframework.beans.factory.support.AbstractBeanFactory.getBean(AbstractBeanFactory.java:201)
	at org.springframework.beans.factory.support.BeanDefinitionValueResolver.resolveReference(BeanDefinitionValueResolver.java:356)
	... 81 common frames omitted
Caused by: org.springframework.beans.factory.BeanCreationException: Error creating bean with name 'flywayInitializer' defined in class path resource [org/springframework/boot/flyway/autoconfigure/FlywayAutoConfiguration$FlywayConfiguration.class]: Found non-empty schema(s) `atm_db` but no schema history table. Use baseline() or set baselineOnMigrate to true to initialize the schema history table.
	at org.springframework.beans.factory.support.AbstractAutowireCapableBeanFactory.initializeBean(AbstractAutowireCapableBeanFactory.java:1817)
	at org.springframework.beans.factory.support.AbstractAutowireCapableBeanFactory.doCreateBean(AbstractAutowireCapableBeanFactory.java:603)
	at org.springframework.beans.factory.support.AbstractAutowireCapableBeanFactory.createBean(AbstractAutowireCapableBeanFactory.java:525)
	at org.springframework.beans.factory.support.AbstractBeanFactory.lambda$doGetBean$0(AbstractBeanFactory.java:333)
	at org.springframework.beans.factory.support.DefaultSingletonBeanRegistry.getSingleton(DefaultSingletonBeanRegistry.java:371)
	at org.springframework.beans.factory.support.AbstractBeanFactory.doGetBean(AbstractBeanFactory.java:331)
	at org.springframework.beans.factory.support.AbstractBeanFactory.getBean(AbstractBeanFactory.java:196)
	at org.springframework.beans.factory.support.AbstractBeanFactory.doGetBean(AbstractBeanFactory.java:309)
	at org.springframework.beans.factory.support.AbstractBeanFactory.getBean(AbstractBeanFactory.java:196)
	at org.springframework.beans.factory.support.BeanDefinitionValueResolver.resolveReference(BeanDefinitionValueResolver.java:365)
	... 93 common frames omitted
Caused by: org.flywaydb.core.api.FlywayException: Found non-empty schema(s) `atm_db` but no schema history table. Use baseline() or set baselineOnMigrate to true to initialize the schema history table.
	at org.flywaydb.core.Flyway.lambda$migrate$3(Flyway.java:235)
	at org.flywaydb.core.FlywayExecutor.execute(FlywayExecutor.java:240)
	at org.flywaydb.core.Flyway.migrate(Flyway.java:186)
	at org.springframework.boot.flyway.autoconfigure.FlywayMigrationInitializer.afterPropertiesSet(FlywayMigrationInitializer.java:67)
	at org.springframework.beans.factory.support.AbstractAutowireCapableBeanFactory.invokeInitMethods(AbstractAutowireCapableBeanFactory.java:1864)
	at org.springframework.beans.factory.support.AbstractAutowireCapableBeanFactory.initializeBean(AbstractAutowireCapableBeanFactory.java:1813)
	... 102 common frames omitted
2026-06-05 09:50:07 - Starting SpringBootAppApplication using Java 21.0.2 with PID 14364 (D:\Talent_Java\IdeaProjects\spring-boot-app\build\classes\java\main started by LENOVO z in D:\Talent_Java\IdeaProjects\spring-boot-app)
2026-06-05 09:50:07 - No active profile set, falling back to 1 default profile: "default"
2026-06-05 09:50:09 - Bootstrapping Spring Data JPA repositories in DEFAULT mode.
2026-06-05 09:50:09 - Finished Spring Data repository scanning in 126 ms. Found 2 JPA repository interfaces.
2026-06-05 09:50:12 - Tomcat initialized with port 8080 (http)
2026-06-05 09:50:12 - Initializing ProtocolHandler ["http-nio-8080"]
2026-06-05 09:50:12 - Starting service [Tomcat]
2026-06-05 09:50:12 - Starting Servlet engine: [Apache Tomcat/11.0.21]
2026-06-05 09:50:12 - Root WebApplicationContext: initialization completed in 4717 ms
2026-06-05 09:50:13 - HikariPool-1 - Starting...
2026-06-05 09:50:14 - HikariPool-1 - Added connection com.mysql.cj.jdbc.ConnectionImpl@43423d40
2026-06-05 09:50:14 - HikariPool-1 - Start completed.
2026-06-05 09:50:15 - Database: jdbc:mysql://localhost:3306/atm_db (MySQL 8.0)
2026-06-05 09:50:15 - Schema history table `atm_db`.`flyway_schema_history` does not exist yet
2026-06-05 09:50:15 - Successfully validated 0 migrations (execution time 00:00.038s)
2026-06-05 09:50:15 - No migrations found. Are your locations set up correctly?
2026-06-05 09:50:15 - Error starting Tomcat context. Exception: org.springframework.beans.factory.UnsatisfiedDependencyException. Message: Error creating bean with name 'authServiceImpl' defined in file [D:\Talent_Java\IdeaProjects\spring-boot-app\build\classes\java\main\com\talent\java\batch11\springbootapp\security\AuthServiceImpl.class]: Unsatisfied dependency expressed through constructor parameter 0: Error creating bean with name 'tokenServiceImpl': Unsatisfied dependency expressed through field 'accountRepository': Error creating bean with name 'accountRepository' defined in com.talent.java.batch11.springbootapp.repository.AccountRepository defined in @EnableJpaRepositories declared on DataJpaRepositoriesRegistrar.EnableJpaRepositoriesConfiguration: Cannot resolve reference to bean 'jpaSharedEM_entityManagerFactory' while setting bean property 'entityManager'
2026-06-05 09:50:15 - Stopping service [Tomcat]
2026-06-05 09:50:15 - The web application [ROOT] appears to have started a thread named [HikariPool-1:housekeeper] but has failed to stop it. This is very likely to create a memory leak. Stack trace of thread:
 java.base/jdk.internal.misc.Unsafe.park(Native Method)
 java.base/java.util.concurrent.locks.LockSupport.parkNanos(LockSupport.java:269)
 java.base/java.util.concurrent.locks.AbstractQueuedSynchronizer$ConditionObject.awaitNanos(AbstractQueuedSynchronizer.java:1758)
 java.base/java.util.concurrent.ScheduledThreadPoolExecutor$DelayedWorkQueue.take(ScheduledThreadPoolExecutor.java:1182)
 java.base/java.util.concurrent.ScheduledThreadPoolExecutor$DelayedWorkQueue.take(ScheduledThreadPoolExecutor.java:899)
 java.base/java.util.concurrent.ThreadPoolExecutor.getTask(ThreadPoolExecutor.java:1070)
 java.base/java.util.concurrent.ThreadPoolExecutor.runWorker(ThreadPoolExecutor.java:1130)
 java.base/java.util.concurrent.ThreadPoolExecutor$Worker.run(ThreadPoolExecutor.java:642)
 java.base/java.lang.Thread.run(Thread.java:1583)
2026-06-05 09:50:15 - The web application [ROOT] appears to have started a thread named [HikariPool-1:connection-adder] but has failed to stop it. This is very likely to create a memory leak. Stack trace of thread:
 java.base/java.lang.Thread.sleep0(Native Method)
 java.base/java.lang.Thread.sleep(Thread.java:509)
 com.zaxxer.hikari.util.UtilityElf.quietlySleep(UtilityElf.java:80)
 com.zaxxer.hikari.pool.HikariPool$PoolEntryCreator.call(HikariPool.java:757)
 com.zaxxer.hikari.pool.HikariPool$PoolEntryCreator.call(HikariPool.java:731)
 java.base/java.util.concurrent.FutureTask.run$$$capture(FutureTask.java:317)
 java.base/java.util.concurrent.FutureTask.run(FutureTask.java)
 java.base/java.util.concurrent.ThreadPoolExecutor.runWorker(ThreadPoolExecutor.java:1144)
 java.base/java.util.concurrent.ThreadPoolExecutor$Worker.run(ThreadPoolExecutor.java:642)
 java.base/java.lang.Thread.run(Thread.java:1583)
2026-06-05 09:50:15 - Exception encountered during context initialization - cancelling refresh attempt: org.springframework.context.ApplicationContextException: Unable to start web server
2026-06-05 09:50:15 - HikariPool-1 - Shutdown initiated...
2026-06-05 09:50:15 - HikariPool-1 - Shutdown completed.
2026-06-05 09:50:15 - 

Error starting ApplicationContext. To display the condition evaluation report re-run your application with 'debug' enabled.
2026-06-05 09:50:15 - Application run failed
org.springframework.context.ApplicationContextException: Unable to start web server
	at org.springframework.boot.web.server.servlet.context.ServletWebServerApplicationContext.onRefresh(ServletWebServerApplicationContext.java:167)
	at org.springframework.context.support.AbstractApplicationContext.refresh(AbstractApplicationContext.java:615)
	at org.springframework.boot.web.server.servlet.context.ServletWebServerApplicationContext.refresh(ServletWebServerApplicationContext.java:143)
	at org.springframework.boot.SpringApplication.refresh(SpringApplication.java:756)
	at org.springframework.boot.SpringApplication.refreshContext(SpringApplication.java:445)
	at org.springframework.boot.SpringApplication.run(SpringApplication.java:321)
	at org.springframework.boot.SpringApplication.run(SpringApplication.java:1365)
	at org.springframework.boot.SpringApplication.run(SpringApplication.java:1354)
	at com.talent.java.batch11.springbootapp.SpringBootAppApplication.main(SpringBootAppApplication.java:10)
Caused by: org.springframework.boot.web.server.WebServerException: Unable to start embedded Tomcat
	at org.springframework.boot.tomcat.TomcatWebServer.initialize(TomcatWebServer.java:150)
	at org.springframework.boot.tomcat.TomcatWebServer.<init>(TomcatWebServer.java:110)
	at org.springframework.boot.tomcat.servlet.TomcatServletWebServerFactory.getTomcatWebServer(TomcatServletWebServerFactory.java:408)
	at org.springframework.boot.tomcat.servlet.TomcatServletWebServerFactory.getWebServer(TomcatServletWebServerFactory.java:166)
	at org.springframework.boot.web.server.servlet.context.ServletWebServerApplicationContext.createWebServer(ServletWebServerApplicationContext.java:190)
	at org.springframework.boot.web.server.servlet.context.ServletWebServerApplicationContext.onRefresh(ServletWebServerApplicationContext.java:164)
	... 8 common frames omitted
Caused by: org.springframework.beans.factory.UnsatisfiedDependencyException: Error creating bean with name 'authServiceImpl' defined in file [D:\Talent_Java\IdeaProjects\spring-boot-app\build\classes\java\main\com\talent\java\batch11\springbootapp\security\AuthServiceImpl.class]: Unsatisfied dependency expressed through constructor parameter 0: Error creating bean with name 'tokenServiceImpl': Unsatisfied dependency expressed through field 'accountRepository': Error creating bean with name 'accountRepository' defined in com.talent.java.batch11.springbootapp.repository.AccountRepository defined in @EnableJpaRepositories declared on DataJpaRepositoriesRegistrar.EnableJpaRepositoriesConfiguration: Cannot resolve reference to bean 'jpaSharedEM_entityManagerFactory' while setting bean property 'entityManager'
	at org.springframework.beans.factory.support.ConstructorResolver.createArgumentArray(ConstructorResolver.java:804)
	at org.springframework.beans.factory.support.ConstructorResolver.autowireConstructor(ConstructorResolver.java:240)
	at org.springframework.beans.factory.support.AbstractAutowireCapableBeanFactory.autowireConstructor(AbstractAutowireCapableBeanFactory.java:1382)
	at org.springframework.beans.factory.support.AbstractAutowireCapableBeanFactory.createBeanInstance(AbstractAutowireCapableBeanFactory.java:1221)
	at org.springframework.beans.factory.support.AbstractAutowireCapableBeanFactory.doCreateBean(AbstractAutowireCapableBeanFactory.java:565)
	at org.springframework.beans.factory.support.AbstractAutowireCapableBeanFactory.createBean(AbstractAutowireCapableBeanFactory.java:525)
	at org.springframework.beans.factory.support.AbstractBeanFactory.lambda$doGetBean$0(AbstractBeanFactory.java:333)
	at org.springframework.beans.factory.support.DefaultSingletonBeanRegistry.getSingleton(DefaultSingletonBeanRegistry.java:371)
	at org.springframework.beans.factory.support.AbstractBeanFactory.doGetBean(AbstractBeanFactory.java:331)
	at org.springframework.beans.factory.support.AbstractBeanFactory.getBean(AbstractBeanFactory.java:201)
	at org.springframework.boot.web.servlet.ServletContextInitializerBeans.getOrderedBeansOfType(ServletContextInitializerBeans.java:231)
	at org.springframework.boot.web.servlet.ServletContextInitializerBeans.addAsRegistrationBean(ServletContextInitializerBeans.java:185)
	at org.springframework.boot.web.servlet.ServletContextInitializerBeans.addAsRegistrationBean(ServletContextInitializerBeans.java:180)
	at org.springframework.boot.web.servlet.ServletContextInitializerBeans.addAdaptableBeans(ServletContextInitializerBeans.java:165)
	at org.springframework.boot.web.servlet.ServletContextInitializerBeans.<init>(ServletContextInitializerBeans.java:97)
	at org.springframework.boot.web.context.servlet.WebApplicationContextInitializer.initialize(WebApplicationContextInitializer.java:53)
	at org.springframework.boot.tomcat.servlet.DeferredServletContainerInitializers.onStartup(DeferredServletContainerInitializers.java:55)
	at org.apache.catalina.core.StandardContext.startInternal(StandardContext.java:4416)
	at org.apache.catalina.util.LifecycleBase.start(LifecycleBase.java:164)
	at org.apache.catalina.core.ContainerBase$StartChild.call(ContainerBase.java:1162)
	at org.apache.catalina.core.ContainerBase$StartChild.call(ContainerBase.java:1158)
	at java.base/java.util.concurrent.FutureTask.run$$$capture(FutureTask.java:317)
	at java.base/java.util.concurrent.FutureTask.run(FutureTask.java)
	at org.apache.tomcat.util.threads.InlineExecutorService.execute(InlineExecutorService.java:81)
	at java.base/java.util.concurrent.AbstractExecutorService.submit(AbstractExecutorService.java:145)
	at org.apache.catalina.core.ContainerBase.startInternal(ContainerBase.java:714)
	at org.apache.catalina.core.StandardHost.startInternal(StandardHost.java:780)
	at org.apache.catalina.util.LifecycleBase.start(LifecycleBase.java:164)
	at org.apache.catalina.core.ContainerBase$StartChild.call(ContainerBase.java:1162)
	at org.apache.catalina.core.ContainerBase$StartChild.call(ContainerBase.java:1158)
	at java.base/java.util.concurrent.FutureTask.run$$$capture(FutureTask.java:317)
	at java.base/java.util.concurrent.FutureTask.run(FutureTask.java)
	at org.apache.tomcat.util.threads.InlineExecutorService.execute(InlineExecutorService.java:81)
	at java.base/java.util.concurrent.AbstractExecutorService.submit(AbstractExecutorService.java:145)
	at org.apache.catalina.core.ContainerBase.startInternal(ContainerBase.java:714)
	at org.apache.catalina.core.StandardEngine.startInternal(StandardEngine.java:201)
	at org.apache.catalina.util.LifecycleBase.start(LifecycleBase.java:164)
	at org.apache.catalina.core.StandardService.startInternal(StandardService.java:410)
	at org.apache.catalina.util.LifecycleBase.start(LifecycleBase.java:164)
	at org.apache.catalina.core.StandardServer.startInternal(StandardServer.java:864)
	at org.apache.catalina.util.LifecycleBase.start(LifecycleBase.java:164)
	at org.apache.catalina.startup.Tomcat.start(Tomcat.java:435)
	at org.springframework.boot.tomcat.TomcatWebServer.initialize(TomcatWebServer.java:131)
	... 13 common frames omitted
Caused by: org.springframework.beans.factory.UnsatisfiedDependencyException: Error creating bean with name 'tokenServiceImpl': Unsatisfied dependency expressed through field 'accountRepository': Error creating bean with name 'accountRepository' defined in com.talent.java.batch11.springbootapp.repository.AccountRepository defined in @EnableJpaRepositories declared on DataJpaRepositoriesRegistrar.EnableJpaRepositoriesConfiguration: Cannot resolve reference to bean 'jpaSharedEM_entityManagerFactory' while setting bean property 'entityManager'
	at org.springframework.beans.factory.annotation.AutowiredAnnotationBeanPostProcessor$AutowiredFieldElement.resolveFieldValue(AutowiredAnnotationBeanPostProcessor.java:767)
	at org.springframework.beans.factory.annotation.AutowiredAnnotationBeanPostProcessor$AutowiredFieldElement.inject(AutowiredAnnotationBeanPostProcessor.java:748)
	at org.springframework.beans.factory.annotation.InjectionMetadata.inject(InjectionMetadata.java:146)
	at org.springframework.beans.factory.annotation.AutowiredAnnotationBeanPostProcessor.postProcessProperties(AutowiredAnnotationBeanPostProcessor.java:493)
	at org.springframework.beans.factory.support.AbstractAutowireCapableBeanFactory.populateBean(AbstractAutowireCapableBeanFactory.java:1446)
	at org.springframework.beans.factory.support.AbstractAutowireCapableBeanFactory.doCreateBean(AbstractAutowireCapableBeanFactory.java:602)
	at org.springframework.beans.factory.support.AbstractAutowireCapableBeanFactory.createBean(AbstractAutowireCapableBeanFactory.java:525)
	at org.springframework.beans.factory.support.AbstractBeanFactory.lambda$doGetBean$0(AbstractBeanFactory.java:333)
	at org.springframework.beans.factory.support.DefaultSingletonBeanRegistry.getSingleton(DefaultSingletonBeanRegistry.java:371)
	at org.springframework.beans.factory.support.AbstractBeanFactory.doGetBean(AbstractBeanFactory.java:331)
	at org.springframework.beans.factory.support.AbstractBeanFactory.getBean(AbstractBeanFactory.java:201)
	at org.springframework.beans.factory.config.DependencyDescriptor.resolveCandidate(DependencyDescriptor.java:229)
	at org.springframework.beans.factory.support.DefaultListableBeanFactory.doResolveDependency(DefaultListableBeanFactory.java:1762)
	at org.springframework.beans.factory.support.DefaultListableBeanFactory.resolveDependency(DefaultListableBeanFactory.java:1651)
	at org.springframework.beans.factory.support.ConstructorResolver.resolveAutowiredArgument(ConstructorResolver.java:912)
	at org.springframework.beans.factory.support.ConstructorResolver.createArgumentArray(ConstructorResolver.java:791)
	... 55 common frames omitted
Caused by: org.springframework.beans.factory.BeanCreationException: Error creating bean with name 'accountRepository' defined in com.talent.java.batch11.springbootapp.repository.AccountRepository defined in @EnableJpaRepositories declared on DataJpaRepositoriesRegistrar.EnableJpaRepositoriesConfiguration: Cannot resolve reference to bean 'jpaSharedEM_entityManagerFactory' while setting bean property 'entityManager'
	at org.springframework.beans.factory.support.BeanDefinitionValueResolver.resolveReference(BeanDefinitionValueResolver.java:377)
	at org.springframework.beans.factory.support.BeanDefinitionValueResolver.resolveValueIfNecessary(BeanDefinitionValueResolver.java:135)
	at org.springframework.beans.factory.support.AbstractAutowireCapableBeanFactory.applyPropertyValues(AbstractAutowireCapableBeanFactory.java:1712)
	at org.springframework.beans.factory.support.AbstractAutowireCapableBeanFactory.populateBean(AbstractAutowireCapableBeanFactory.java:1461)
	at org.springframework.beans.factory.support.AbstractAutowireCapableBeanFactory.doCreateBean(AbstractAutowireCapableBeanFactory.java:602)
	at org.springframework.beans.factory.support.AbstractAutowireCapableBeanFactory.createBean(AbstractAutowireCapableBeanFactory.java:525)
	at org.springframework.beans.factory.support.AbstractBeanFactory.lambda$doGetBean$0(AbstractBeanFactory.java:333)
	at org.springframework.beans.factory.support.DefaultSingletonBeanRegistry.getSingleton(DefaultSingletonBeanRegistry.java:371)
	at org.springframework.beans.factory.support.AbstractBeanFactory.doGetBean(AbstractBeanFactory.java:331)
	at org.springframework.beans.factory.support.AbstractBeanFactory.getBean(AbstractBeanFactory.java:201)
	at org.springframework.beans.factory.support.DefaultListableBeanFactory.resolveBean(DefaultListableBeanFactory.java:1225)
	at org.springframework.beans.factory.support.DefaultListableBeanFactory.doResolveDependency(DefaultListableBeanFactory.java:1704)
	at org.springframework.beans.factory.support.DefaultListableBeanFactory.resolveDependency(DefaultListableBeanFactory.java:1651)
	at org.springframework.beans.factory.annotation.AutowiredAnnotationBeanPostProcessor$AutowiredFieldElement.resolveFieldValue(AutowiredAnnotationBeanPostProcessor.java:764)
	... 70 common frames omitted
Caused by: org.springframework.beans.factory.BeanCreationException: Error creating bean with name 'jpaSharedEM_entityManagerFactory': Cannot resolve reference to bean 'entityManagerFactory' while setting constructor argument
	at org.springframework.beans.factory.support.BeanDefinitionValueResolver.resolveReference(BeanDefinitionValueResolver.java:377)
	at org.springframework.beans.factory.support.BeanDefinitionValueResolver.resolveValueIfNecessary(BeanDefinitionValueResolver.java:135)
	at org.springframework.beans.factory.support.ConstructorResolver.resolveConstructorArguments(ConstructorResolver.java:691)
	at org.springframework.beans.factory.support.ConstructorResolver.instantiateUsingFactoryMethod(ConstructorResolver.java:513)
	at org.springframework.beans.factory.support.AbstractAutowireCapableBeanFactory.instantiateUsingFactoryMethod(AbstractAutowireCapableBeanFactory.java:1362)
	at org.springframework.beans.factory.support.AbstractAutowireCapableBeanFactory.createBeanInstance(AbstractAutowireCapableBeanFactory.java:1194)
	at org.springframework.beans.factory.support.AbstractAutowireCapableBeanFactory.doCreateBean(AbstractAutowireCapableBeanFactory.java:565)
	at org.springframework.beans.factory.support.AbstractAutowireCapableBeanFactory.createBean(AbstractAutowireCapableBeanFactory.java:525)
	at org.springframework.beans.factory.support.AbstractBeanFactory.lambda$doGetBean$0(AbstractBeanFactory.java:333)
	at org.springframework.beans.factory.support.DefaultSingletonBeanRegistry.getSingleton(DefaultSingletonBeanRegistry.java:371)
	at org.springframework.beans.factory.support.AbstractBeanFactory.doGetBean(AbstractBeanFactory.java:331)
	at org.springframework.beans.factory.support.AbstractBeanFactory.getBean(AbstractBeanFactory.java:201)
	at org.springframework.beans.factory.support.BeanDefinitionValueResolver.resolveReference(BeanDefinitionValueResolver.java:356)
	... 83 common frames omitted
Caused by: org.springframework.beans.factory.BeanCreationException: Error creating bean with name 'flywayInitializer' defined in class path resource [org/springframework/boot/flyway/autoconfigure/FlywayAutoConfiguration$FlywayConfiguration.class]: Found non-empty schema(s) `atm_db` but no schema history table. Use baseline() or set baselineOnMigrate to true to initialize the schema history table.
	at org.springframework.beans.factory.support.AbstractAutowireCapableBeanFactory.initializeBean(AbstractAutowireCapableBeanFactory.java:1817)
	at org.springframework.beans.factory.support.AbstractAutowireCapableBeanFactory.doCreateBean(AbstractAutowireCapableBeanFactory.java:603)
	at org.springframework.beans.factory.support.AbstractAutowireCapableBeanFactory.createBean(AbstractAutowireCapableBeanFactory.java:525)
	at org.springframework.beans.factory.support.AbstractBeanFactory.lambda$doGetBean$0(AbstractBeanFactory.java:333)
	at org.springframework.beans.factory.support.DefaultSingletonBeanRegistry.getSingleton(DefaultSingletonBeanRegistry.java:371)
	at org.springframework.beans.factory.support.AbstractBeanFactory.doGetBean(AbstractBeanFactory.java:331)
	at org.springframework.beans.factory.support.AbstractBeanFactory.getBean(AbstractBeanFactory.java:196)
	at org.springframework.beans.factory.support.AbstractBeanFactory.doGetBean(AbstractBeanFactory.java:309)
	at org.springframework.beans.factory.support.AbstractBeanFactory.getBean(AbstractBeanFactory.java:196)
	at org.springframework.beans.factory.support.BeanDefinitionValueResolver.resolveReference(BeanDefinitionValueResolver.java:365)
	... 95 common frames omitted
Caused by: org.flywaydb.core.api.FlywayException: Found non-empty schema(s) `atm_db` but no schema history table. Use baseline() or set baselineOnMigrate to true to initialize the schema history table.
	at org.flywaydb.core.Flyway.lambda$migrate$3(Flyway.java:235)
	at org.flywaydb.core.FlywayExecutor.execute(FlywayExecutor.java:240)
	at org.flywaydb.core.Flyway.migrate(Flyway.java:186)
	at org.springframework.boot.flyway.autoconfigure.FlywayMigrationInitializer.afterPropertiesSet(FlywayMigrationInitializer.java:67)
	at org.springframework.beans.factory.support.AbstractAutowireCapableBeanFactory.invokeInitMethods(AbstractAutowireCapableBeanFactory.java:1864)
	at org.springframework.beans.factory.support.AbstractAutowireCapableBeanFactory.initializeBean(AbstractAutowireCapableBeanFactory.java:1813)
	... 104 common frames omitted
2026-06-05 09:52:45 - Starting SpringBootAppApplication using Java 21.0.2 with PID 12572 (D:\Talent_Java\IdeaProjects\spring-boot-app\build\classes\java\main started by LENOVO z in D:\Talent_Java\IdeaProjects\spring-boot-app)
2026-06-05 09:52:45 - No active profile set, falling back to 1 default profile: "default"
2026-06-05 09:52:46 - Bootstrapping Spring Data JPA repositories in DEFAULT mode.
2026-06-05 09:52:46 - Finished Spring Data repository scanning in 93 ms. Found 2 JPA repository interfaces.
2026-06-05 09:52:47 - Tomcat initialized with port 8080 (http)
2026-06-05 09:52:47 - Initializing ProtocolHandler ["http-nio-8080"]
2026-06-05 09:52:47 - Starting service [Tomcat]
2026-06-05 09:52:47 - Starting Servlet engine: [Apache Tomcat/11.0.21]
2026-06-05 09:52:48 - Root WebApplicationContext: initialization completed in 2480 ms
2026-06-05 09:52:48 - HikariPool-1 - Starting...
2026-06-05 09:52:49 - HikariPool-1 - Added connection com.mysql.cj.jdbc.ConnectionImpl@12448de1
2026-06-05 09:52:49 - HikariPool-1 - Start completed.
2026-06-05 09:52:49 - Database: jdbc:mysql://localhost:3306/atm_db (MySQL 8.0)
2026-06-05 09:52:49 - Schema history table `atm_db`.`flyway_schema_history` does not exist yet
2026-06-05 09:52:49 - Successfully validated 0 migrations (execution time 00:00.034s)
2026-06-05 09:52:49 - No migrations found. Are your locations set up correctly?
2026-06-05 09:52:49 - Error starting Tomcat context. Exception: org.springframework.beans.factory.UnsatisfiedDependencyException. Message: Error creating bean with name 'authServiceImpl' defined in file [D:\Talent_Java\IdeaProjects\spring-boot-app\build\classes\java\main\com\talent\java\batch11\springbootapp\security\AuthServiceImpl.class]: Unsatisfied dependency expressed through constructor parameter 0: Error creating bean with name 'tokenServiceImpl': Unsatisfied dependency expressed through field 'accountRepository': Error creating bean with name 'accountRepository' defined in com.talent.java.batch11.springbootapp.repository.AccountRepository defined in @EnableJpaRepositories declared on DataJpaRepositoriesRegistrar.EnableJpaRepositoriesConfiguration: Cannot resolve reference to bean 'jpaSharedEM_entityManagerFactory' while setting bean property 'entityManager'
2026-06-05 09:52:49 - Stopping service [Tomcat]
2026-06-05 09:52:49 - The web application [ROOT] appears to have started a thread named [HikariPool-1:housekeeper] but has failed to stop it. This is very likely to create a memory leak. Stack trace of thread:
 java.base/jdk.internal.misc.Unsafe.park(Native Method)
 java.base/java.util.concurrent.locks.LockSupport.parkNanos(LockSupport.java:269)
 java.base/java.util.concurrent.locks.AbstractQueuedSynchronizer$ConditionObject.awaitNanos(AbstractQueuedSynchronizer.java:1758)
 java.base/java.util.concurrent.ScheduledThreadPoolExecutor$DelayedWorkQueue.take(ScheduledThreadPoolExecutor.java:1182)
 java.base/java.util.concurrent.ScheduledThreadPoolExecutor$DelayedWorkQueue.take(ScheduledThreadPoolExecutor.java:899)
 java.base/java.util.concurrent.ThreadPoolExecutor.getTask(ThreadPoolExecutor.java:1070)
 java.base/java.util.concurrent.ThreadPoolExecutor.runWorker(ThreadPoolExecutor.java:1130)
 java.base/java.util.concurrent.ThreadPoolExecutor$Worker.run(ThreadPoolExecutor.java:642)
 java.base/java.lang.Thread.run(Thread.java:1583)
2026-06-05 09:52:49 - The web application [ROOT] appears to have started a thread named [HikariPool-1:connection-adder] but has failed to stop it. This is very likely to create a memory leak. Stack trace of thread:
 java.base/java.math.BigInteger.mulAdd(BigInteger.java:3293)
 java.base/java.math.BigInteger.montReduce(BigInteger.java:3243)
 java.base/java.math.BigInteger.implMontgomerySquare(BigInteger.java:2990)
 java.base/java.math.BigInteger.montgomerySquare(BigInteger.java:2946)
 java.base/java.math.BigInteger.oddModPow(BigInteger.java:3126)
 java.base/java.math.BigInteger.modPow(BigInteger.java:2877)
 jdk.crypto.ec/sun.security.ec.ECDHKeyAgreement.validate(ECDHKeyAgreement.java:200)
 jdk.crypto.ec/sun.security.ec.ECDHKeyAgreement.engineDoPhase(ECDHKeyAgreement.java:149)
 java.base/javax.crypto.KeyAgreement.doPhase(KeyAgreement.java:583)
 java.base/sun.security.ssl.KAKeyDerivation.t13DeriveKey(KAKeyDerivation.java:103)
 java.base/sun.security.ssl.KAKeyDerivation.deriveKey(KAKeyDerivation.java:63)
 java.base/sun.security.ssl.ServerHello$T13ServerHelloConsumer.consume(ServerHello.java:1283)
 java.base/sun.security.ssl.ServerHello$ServerHelloConsumer.onServerHello(ServerHello.java:1001)
 java.base/sun.security.ssl.ServerHello$ServerHelloConsumer.consume(ServerHello.java:889)
 java.base/sun.security.ssl.SSLHandshake.consume(SSLHandshake.java:393)
 java.base/sun.security.ssl.HandshakeContext.dispatch(HandshakeContext.java:476)
 java.base/sun.security.ssl.HandshakeContext.dispatch(HandshakeContext.java:447)
 java.base/sun.security.ssl.TransportContext.dispatch(TransportContext.java:201)
 java.base/sun.security.ssl.SSLTransport.decode(SSLTransport.java:172)
 java.base/sun.security.ssl.SSLSocketImpl.decode(SSLSocketImpl.java:1506)
 java.base/sun.security.ssl.SSLSocketImpl.readHandshakeRecord(SSLSocketImpl.java:1421)
 java.base/sun.security.ssl.SSLSocketImpl.startHandshake(SSLSocketImpl.java:455)
 java.base/sun.security.ssl.SSLSocketImpl.startHandshake(SSLSocketImpl.java:426)
 com.mysql.cj.protocol.ExportControlled.performTlsHandshake(ExportControlled.java:208)
 com.mysql.cj.protocol.StandardSocketFactory.performTlsHandshake(StandardSocketFactory.java:183)
 com.mysql.cj.protocol.a.NativeSocketConnection.performTlsHandshake(NativeSocketConnection.java:91)
 com.mysql.cj.protocol.a.NativeProtocol.negotiateSSLConnection(NativeProtocol.java:356)
 com.mysql.cj.protocol.a.NativeAuthenticationProvider.connect(NativeAuthenticationProvider.java:199)
 com.mysql.cj.protocol.a.NativeProtocol.connect(NativeProtocol.java:1334)
 com.mysql.cj.NativeSession.connect(NativeSession.java:155)
 com.mysql.cj.jdbc.ConnectionImpl.connectOneTryOnly(ConnectionImpl.java:964)
 com.mysql.cj.jdbc.ConnectionImpl.createNewIO(ConnectionImpl.java:828)
 com.mysql.cj.jdbc.ConnectionImpl.<init>(ConnectionImpl.java:416)
 com.mysql.cj.jdbc.ConnectionImpl.getInstance(ConnectionImpl.java:237)
 com.mysql.cj.jdbc.NonRegisteringDriver.connect(NonRegisteringDriver.java:180)
 com.zaxxer.hikari.util.DriverDataSource.getConnection(DriverDataSource.java:144)
 com.zaxxer.hikari.pool.PoolBase.newConnection(PoolBase.java:373)
 com.zaxxer.hikari.pool.PoolBase.newPoolEntry(PoolBase.java:210)
 com.zaxxer.hikari.pool.HikariPool.createPoolEntry(HikariPool.java:488)
 com.zaxxer.hikari.pool.HikariPool$PoolEntryCreator.call(HikariPool.java:752)
 com.zaxxer.hikari.pool.HikariPool$PoolEntryCreator.call(HikariPool.java:731)
 java.base/java.util.concurrent.FutureTask.run(FutureTask.java:317)
 java.base/java.util.concurrent.ThreadPoolExecutor.runWorker(ThreadPoolExecutor.java:1144)
 java.base/java.util.concurrent.ThreadPoolExecutor$Worker.run(ThreadPoolExecutor.java:642)
 java.base/java.lang.Thread.run(Thread.java:1583)
2026-06-05 09:52:49 - Exception encountered during context initialization - cancelling refresh attempt: org.springframework.context.ApplicationContextException: Unable to start web server
2026-06-05 09:52:49 - HikariPool-1 - Shutdown initiated...
2026-06-05 09:52:49 - HikariPool-1 - Shutdown completed.
2026-06-05 09:52:49 - 

Error starting ApplicationContext. To display the condition evaluation report re-run your application with 'debug' enabled.
2026-06-05 09:52:49 - Application run failed
org.springframework.context.ApplicationContextException: Unable to start web server
	at org.springframework.boot.web.server.servlet.context.ServletWebServerApplicationContext.onRefresh(ServletWebServerApplicationContext.java:167)
	at org.springframework.context.support.AbstractApplicationContext.refresh(AbstractApplicationContext.java:615)
	at org.springframework.boot.web.server.servlet.context.ServletWebServerApplicationContext.refresh(ServletWebServerApplicationContext.java:143)
	at org.springframework.boot.SpringApplication.refresh(SpringApplication.java:756)
	at org.springframework.boot.SpringApplication.refreshContext(SpringApplication.java:445)
	at org.springframework.boot.SpringApplication.run(SpringApplication.java:321)
	at org.springframework.boot.SpringApplication.run(SpringApplication.java:1365)
	at org.springframework.boot.SpringApplication.run(SpringApplication.java:1354)
	at com.talent.java.batch11.springbootapp.SpringBootAppApplication.main(SpringBootAppApplication.java:10)
Caused by: org.springframework.boot.web.server.WebServerException: Unable to start embedded Tomcat
	at org.springframework.boot.tomcat.TomcatWebServer.initialize(TomcatWebServer.java:150)
	at org.springframework.boot.tomcat.TomcatWebServer.<init>(TomcatWebServer.java:110)
	at org.springframework.boot.tomcat.servlet.TomcatServletWebServerFactory.getTomcatWebServer(TomcatServletWebServerFactory.java:408)
	at org.springframework.boot.tomcat.servlet.TomcatServletWebServerFactory.getWebServer(TomcatServletWebServerFactory.java:166)
	at org.springframework.boot.web.server.servlet.context.ServletWebServerApplicationContext.createWebServer(ServletWebServerApplicationContext.java:190)
	at org.springframework.boot.web.server.servlet.context.ServletWebServerApplicationContext.onRefresh(ServletWebServerApplicationContext.java:164)
	... 8 common frames omitted
Caused by: org.springframework.beans.factory.UnsatisfiedDependencyException: Error creating bean with name 'authServiceImpl' defined in file [D:\Talent_Java\IdeaProjects\spring-boot-app\build\classes\java\main\com\talent\java\batch11\springbootapp\security\AuthServiceImpl.class]: Unsatisfied dependency expressed through constructor parameter 0: Error creating bean with name 'tokenServiceImpl': Unsatisfied dependency expressed through field 'accountRepository': Error creating bean with name 'accountRepository' defined in com.talent.java.batch11.springbootapp.repository.AccountRepository defined in @EnableJpaRepositories declared on DataJpaRepositoriesRegistrar.EnableJpaRepositoriesConfiguration: Cannot resolve reference to bean 'jpaSharedEM_entityManagerFactory' while setting bean property 'entityManager'
	at org.springframework.beans.factory.support.ConstructorResolver.createArgumentArray(ConstructorResolver.java:804)
	at org.springframework.beans.factory.support.ConstructorResolver.autowireConstructor(ConstructorResolver.java:240)
	at org.springframework.beans.factory.support.AbstractAutowireCapableBeanFactory.autowireConstructor(AbstractAutowireCapableBeanFactory.java:1382)
	at org.springframework.beans.factory.support.AbstractAutowireCapableBeanFactory.createBeanInstance(AbstractAutowireCapableBeanFactory.java:1221)
	at org.springframework.beans.factory.support.AbstractAutowireCapableBeanFactory.doCreateBean(AbstractAutowireCapableBeanFactory.java:565)
	at org.springframework.beans.factory.support.AbstractAutowireCapableBeanFactory.createBean(AbstractAutowireCapableBeanFactory.java:525)
	at org.springframework.beans.factory.support.AbstractBeanFactory.lambda$doGetBean$0(AbstractBeanFactory.java:333)
	at org.springframework.beans.factory.support.DefaultSingletonBeanRegistry.getSingleton(DefaultSingletonBeanRegistry.java:371)
	at org.springframework.beans.factory.support.AbstractBeanFactory.doGetBean(AbstractBeanFactory.java:331)
	at org.springframework.beans.factory.support.AbstractBeanFactory.getBean(AbstractBeanFactory.java:201)
	at org.springframework.boot.web.servlet.ServletContextInitializerBeans.getOrderedBeansOfType(ServletContextInitializerBeans.java:231)
	at org.springframework.boot.web.servlet.ServletContextInitializerBeans.addAsRegistrationBean(ServletContextInitializerBeans.java:185)
	at org.springframework.boot.web.servlet.ServletContextInitializerBeans.addAsRegistrationBean(ServletContextInitializerBeans.java:180)
	at org.springframework.boot.web.servlet.ServletContextInitializerBeans.addAdaptableBeans(ServletContextInitializerBeans.java:165)
	at org.springframework.boot.web.servlet.ServletContextInitializerBeans.<init>(ServletContextInitializerBeans.java:97)
	at org.springframework.boot.web.context.servlet.WebApplicationContextInitializer.initialize(WebApplicationContextInitializer.java:53)
	at org.springframework.boot.tomcat.servlet.DeferredServletContainerInitializers.onStartup(DeferredServletContainerInitializers.java:55)
	at org.apache.catalina.core.StandardContext.startInternal(StandardContext.java:4416)
	at org.apache.catalina.util.LifecycleBase.start(LifecycleBase.java:164)
	at org.apache.catalina.core.ContainerBase$StartChild.call(ContainerBase.java:1162)
	at org.apache.catalina.core.ContainerBase$StartChild.call(ContainerBase.java:1158)
	at java.base/java.util.concurrent.FutureTask.run(FutureTask.java:317)
	at org.apache.tomcat.util.threads.InlineExecutorService.execute(InlineExecutorService.java:81)
	at java.base/java.util.concurrent.AbstractExecutorService.submit(AbstractExecutorService.java:145)
	at org.apache.catalina.core.ContainerBase.startInternal(ContainerBase.java:714)
	at org.apache.catalina.core.StandardHost.startInternal(StandardHost.java:780)
	at org.apache.catalina.util.LifecycleBase.start(LifecycleBase.java:164)
	at org.apache.catalina.core.ContainerBase$StartChild.call(ContainerBase.java:1162)
	at org.apache.catalina.core.ContainerBase$StartChild.call(ContainerBase.java:1158)
	at java.base/java.util.concurrent.FutureTask.run(FutureTask.java:317)
	at org.apache.tomcat.util.threads.InlineExecutorService.execute(InlineExecutorService.java:81)
	at java.base/java.util.concurrent.AbstractExecutorService.submit(AbstractExecutorService.java:145)
	at org.apache.catalina.core.ContainerBase.startInternal(ContainerBase.java:714)
	at org.apache.catalina.core.StandardEngine.startInternal(StandardEngine.java:201)
	at org.apache.catalina.util.LifecycleBase.start(LifecycleBase.java:164)
	at org.apache.catalina.core.StandardService.startInternal(StandardService.java:410)
	at org.apache.catalina.util.LifecycleBase.start(LifecycleBase.java:164)
	at org.apache.catalina.core.StandardServer.startInternal(StandardServer.java:864)
	at org.apache.catalina.util.LifecycleBase.start(LifecycleBase.java:164)
	at org.apache.catalina.startup.Tomcat.start(Tomcat.java:435)
	at org.springframework.boot.tomcat.TomcatWebServer.initialize(TomcatWebServer.java:131)
	... 13 common frames omitted
Caused by: org.springframework.beans.factory.UnsatisfiedDependencyException: Error creating bean with name 'tokenServiceImpl': Unsatisfied dependency expressed through field 'accountRepository': Error creating bean with name 'accountRepository' defined in com.talent.java.batch11.springbootapp.repository.AccountRepository defined in @EnableJpaRepositories declared on DataJpaRepositoriesRegistrar.EnableJpaRepositoriesConfiguration: Cannot resolve reference to bean 'jpaSharedEM_entityManagerFactory' while setting bean property 'entityManager'
	at org.springframework.beans.factory.annotation.AutowiredAnnotationBeanPostProcessor$AutowiredFieldElement.resolveFieldValue(AutowiredAnnotationBeanPostProcessor.java:767)
	at org.springframework.beans.factory.annotation.AutowiredAnnotationBeanPostProcessor$AutowiredFieldElement.inject(AutowiredAnnotationBeanPostProcessor.java:748)
	at org.springframework.beans.factory.annotation.InjectionMetadata.inject(InjectionMetadata.java:146)
	at org.springframework.beans.factory.annotation.AutowiredAnnotationBeanPostProcessor.postProcessProperties(AutowiredAnnotationBeanPostProcessor.java:493)
	at org.springframework.beans.factory.support.AbstractAutowireCapableBeanFactory.populateBean(AbstractAutowireCapableBeanFactory.java:1446)
	at org.springframework.beans.factory.support.AbstractAutowireCapableBeanFactory.doCreateBean(AbstractAutowireCapableBeanFactory.java:602)
	at org.springframework.beans.factory.support.AbstractAutowireCapableBeanFactory.createBean(AbstractAutowireCapableBeanFactory.java:525)
	at org.springframework.beans.factory.support.AbstractBeanFactory.lambda$doGetBean$0(AbstractBeanFactory.java:333)
	at org.springframework.beans.factory.support.DefaultSingletonBeanRegistry.getSingleton(DefaultSingletonBeanRegistry.java:371)
	at org.springframework.beans.factory.support.AbstractBeanFactory.doGetBean(AbstractBeanFactory.java:331)
	at org.springframework.beans.factory.support.AbstractBeanFactory.getBean(AbstractBeanFactory.java:201)
	at org.springframework.beans.factory.config.DependencyDescriptor.resolveCandidate(DependencyDescriptor.java:229)
	at org.springframework.beans.factory.support.DefaultListableBeanFactory.doResolveDependency(DefaultListableBeanFactory.java:1762)
	at org.springframework.beans.factory.support.DefaultListableBeanFactory.resolveDependency(DefaultListableBeanFactory.java:1651)
	at org.springframework.beans.factory.support.ConstructorResolver.resolveAutowiredArgument(ConstructorResolver.java:912)
	at org.springframework.beans.factory.support.ConstructorResolver.createArgumentArray(ConstructorResolver.java:791)
	... 53 common frames omitted
Caused by: org.springframework.beans.factory.BeanCreationException: Error creating bean with name 'accountRepository' defined in com.talent.java.batch11.springbootapp.repository.AccountRepository defined in @EnableJpaRepositories declared on DataJpaRepositoriesRegistrar.EnableJpaRepositoriesConfiguration: Cannot resolve reference to bean 'jpaSharedEM_entityManagerFactory' while setting bean property 'entityManager'
	at org.springframework.beans.factory.support.BeanDefinitionValueResolver.resolveReference(BeanDefinitionValueResolver.java:377)
	at org.springframework.beans.factory.support.BeanDefinitionValueResolver.resolveValueIfNecessary(BeanDefinitionValueResolver.java:135)
	at org.springframework.beans.factory.support.AbstractAutowireCapableBeanFactory.applyPropertyValues(AbstractAutowireCapableBeanFactory.java:1712)
	at org.springframework.beans.factory.support.AbstractAutowireCapableBeanFactory.populateBean(AbstractAutowireCapableBeanFactory.java:1461)
	at org.springframework.beans.factory.support.AbstractAutowireCapableBeanFactory.doCreateBean(AbstractAutowireCapableBeanFactory.java:602)
	at org.springframework.beans.factory.support.AbstractAutowireCapableBeanFactory.createBean(AbstractAutowireCapableBeanFactory.java:525)
	at org.springframework.beans.factory.support.AbstractBeanFactory.lambda$doGetBean$0(AbstractBeanFactory.java:333)
	at org.springframework.beans.factory.support.DefaultSingletonBeanRegistry.getSingleton(DefaultSingletonBeanRegistry.java:371)
	at org.springframework.beans.factory.support.AbstractBeanFactory.doGetBean(AbstractBeanFactory.java:331)
	at org.springframework.beans.factory.support.AbstractBeanFactory.getBean(AbstractBeanFactory.java:201)
	at org.springframework.beans.factory.support.DefaultListableBeanFactory.resolveBean(DefaultListableBeanFactory.java:1225)
	at org.springframework.beans.factory.support.DefaultListableBeanFactory.doResolveDependency(DefaultListableBeanFactory.java:1704)
	at org.springframework.beans.factory.support.DefaultListableBeanFactory.resolveDependency(DefaultListableBeanFactory.java:1651)
	at org.springframework.beans.factory.annotation.AutowiredAnnotationBeanPostProcessor$AutowiredFieldElement.resolveFieldValue(AutowiredAnnotationBeanPostProcessor.java:764)
	... 68 common frames omitted
Caused by: org.springframework.beans.factory.BeanCreationException: Error creating bean with name 'jpaSharedEM_entityManagerFactory': Cannot resolve reference to bean 'entityManagerFactory' while setting constructor argument
	at org.springframework.beans.factory.support.BeanDefinitionValueResolver.resolveReference(BeanDefinitionValueResolver.java:377)
	at org.springframework.beans.factory.support.BeanDefinitionValueResolver.resolveValueIfNecessary(BeanDefinitionValueResolver.java:135)
	at org.springframework.beans.factory.support.ConstructorResolver.resolveConstructorArguments(ConstructorResolver.java:691)
	at org.springframework.beans.factory.support.ConstructorResolver.instantiateUsingFactoryMethod(ConstructorResolver.java:513)
	at org.springframework.beans.factory.support.AbstractAutowireCapableBeanFactory.instantiateUsingFactoryMethod(AbstractAutowireCapableBeanFactory.java:1362)
	at org.springframework.beans.factory.support.AbstractAutowireCapableBeanFactory.createBeanInstance(AbstractAutowireCapableBeanFactory.java:1194)
	at org.springframework.beans.factory.support.AbstractAutowireCapableBeanFactory.doCreateBean(AbstractAutowireCapableBeanFactory.java:565)
	at org.springframework.beans.factory.support.AbstractAutowireCapableBeanFactory.createBean(AbstractAutowireCapableBeanFactory.java:525)
	at org.springframework.beans.factory.support.AbstractBeanFactory.lambda$doGetBean$0(AbstractBeanFactory.java:333)
	at org.springframework.beans.factory.support.DefaultSingletonBeanRegistry.getSingleton(DefaultSingletonBeanRegistry.java:371)
	at org.springframework.beans.factory.support.AbstractBeanFactory.doGetBean(AbstractBeanFactory.java:331)
	at org.springframework.beans.factory.support.AbstractBeanFactory.getBean(AbstractBeanFactory.java:201)
	at org.springframework.beans.factory.support.BeanDefinitionValueResolver.resolveReference(BeanDefinitionValueResolver.java:356)
	... 81 common frames omitted
Caused by: org.springframework.beans.factory.BeanCreationException: Error creating bean with name 'flywayInitializer' defined in class path resource [org/springframework/boot/flyway/autoconfigure/FlywayAutoConfiguration$FlywayConfiguration.class]: Found non-empty schema(s) `atm_db` but no schema history table. Use baseline() or set baselineOnMigrate to true to initialize the schema history table.
	at org.springframework.beans.factory.support.AbstractAutowireCapableBeanFactory.initializeBean(AbstractAutowireCapableBeanFactory.java:1817)
	at org.springframework.beans.factory.support.AbstractAutowireCapableBeanFactory.doCreateBean(AbstractAutowireCapableBeanFactory.java:603)
	at org.springframework.beans.factory.support.AbstractAutowireCapableBeanFactory.createBean(AbstractAutowireCapableBeanFactory.java:525)
	at org.springframework.beans.factory.support.AbstractBeanFactory.lambda$doGetBean$0(AbstractBeanFactory.java:333)
	at org.springframework.beans.factory.support.DefaultSingletonBeanRegistry.getSingleton(DefaultSingletonBeanRegistry.java:371)
	at org.springframework.beans.factory.support.AbstractBeanFactory.doGetBean(AbstractBeanFactory.java:331)
	at org.springframework.beans.factory.support.AbstractBeanFactory.getBean(AbstractBeanFactory.java:196)
	at org.springframework.beans.factory.support.AbstractBeanFactory.doGetBean(AbstractBeanFactory.java:309)
	at org.springframework.beans.factory.support.AbstractBeanFactory.getBean(AbstractBeanFactory.java:196)
	at org.springframework.beans.factory.support.BeanDefinitionValueResolver.resolveReference(BeanDefinitionValueResolver.java:365)
	... 93 common frames omitted
Caused by: org.flywaydb.core.api.FlywayException: Found non-empty schema(s) `atm_db` but no schema history table. Use baseline() or set baselineOnMigrate to true to initialize the schema history table.
	at org.flywaydb.core.Flyway.lambda$migrate$3(Flyway.java:235)
	at org.flywaydb.core.FlywayExecutor.execute(FlywayExecutor.java:240)
	at org.flywaydb.core.Flyway.migrate(Flyway.java:186)
	at org.springframework.boot.flyway.autoconfigure.FlywayMigrationInitializer.afterPropertiesSet(FlywayMigrationInitializer.java:67)
	at org.springframework.beans.factory.support.AbstractAutowireCapableBeanFactory.invokeInitMethods(AbstractAutowireCapableBeanFactory.java:1864)
	at org.springframework.beans.factory.support.AbstractAutowireCapableBeanFactory.initializeBean(AbstractAutowireCapableBeanFactory.java:1813)
	... 102 common frames omitted
2026-06-05 09:54:25 - Starting SpringBootAppApplication using Java 21.0.2 with PID 8364 (D:\Talent_Java\IdeaProjects\spring-boot-app\build\classes\java\main started by LENOVO z in D:\Talent_Java\IdeaProjects\spring-boot-app)
2026-06-05 09:54:25 - No active profile set, falling back to 1 default profile: "default"
2026-06-05 09:54:26 - Bootstrapping Spring Data JPA repositories in DEFAULT mode.
2026-06-05 09:54:26 - Finished Spring Data repository scanning in 94 ms. Found 2 JPA repository interfaces.
2026-06-05 09:54:28 - Tomcat initialized with port 8080 (http)
2026-06-05 09:54:28 - Initializing ProtocolHandler ["http-nio-8080"]
2026-06-05 09:54:28 - Starting service [Tomcat]
2026-06-05 09:54:28 - Starting Servlet engine: [Apache Tomcat/11.0.21]
2026-06-05 09:54:28 - Root WebApplicationContext: initialization completed in 3080 ms
2026-06-05 09:54:28 - HikariPool-1 - Starting...
2026-06-05 09:54:29 - HikariPool-1 - Added connection com.mysql.cj.jdbc.ConnectionImpl@698f4aa
2026-06-05 09:54:29 - HikariPool-1 - Start completed.
2026-06-05 09:54:29 - Database: jdbc:mysql://localhost:3306/atm_db (MySQL 8.0)
2026-06-05 09:54:29 - Schema history table `atm_db`.`flyway_schema_history` does not exist yet
2026-06-05 09:54:29 - Successfully validated 0 migrations (execution time 00:00.026s)
2026-06-05 09:54:29 - No migrations found. Are your locations set up correctly?
2026-06-05 09:54:29 - Creating Schema History table `atm_db`.`flyway_schema_history` with baseline ...
2026-06-05 09:54:30 - Successfully baselined schema with version: 0
2026-06-05 09:54:30 - Current version of schema `atm_db`: 0
2026-06-05 09:54:30 - Schema `atm_db` is up to date. No migration necessary.
2026-06-05 09:54:30 - HHH008540: Processing PersistenceUnitInfo [name: default]
2026-06-05 09:54:31 - HHH000001: Hibernate ORM core version 7.2.12.Final
2026-06-05 09:54:32 - No LoadTimeWeaver setup: ignoring JPA class transformer
2026-06-05 09:54:32 - HHH10001005: Database info:
	Database JDBC URL [jdbc:mysql://localhost:3306/atm_db]
	Database driver: MySQL Connector/J
	Database dialect: MySQLDialect
	Database version: 8.0.39
	Default catalog/schema: atm_db/undefined
	Autocommit mode: undefined/unknown
	Isolation level: REPEATABLE_READ [default REPEATABLE_READ]
	JDBC fetch size: none
	Pool: DataSourceConnectionProvider
	Minimum pool size: undefined/unknown
	Maximum pool size: undefined/unknown
2026-06-05 09:54:34 - HHH000489: No JTA platform available (set 'hibernate.transaction.jta.platform' to enable JTA platform integration)
2026-06-05 09:54:34 - Failed to initialize JPA EntityManagerFactory: Unable to build Hibernate SessionFactory  [persistence unit: default] ; nested exception is org.hibernate.tool.schema.spi.SchemaManagementException: Schema validation: missing table [users]
2026-06-05 09:54:34 - Error starting Tomcat context. Exception: org.springframework.beans.factory.UnsatisfiedDependencyException. Message: Error creating bean with name 'authServiceImpl' defined in file [D:\Talent_Java\IdeaProjects\spring-boot-app\build\classes\java\main\com\talent\java\batch11\springbootapp\security\AuthServiceImpl.class]: Unsatisfied dependency expressed through constructor parameter 0: Error creating bean with name 'tokenServiceImpl': Unsatisfied dependency expressed through field 'accountRepository': Error creating bean with name 'accountRepository' defined in com.talent.java.batch11.springbootapp.repository.AccountRepository defined in @EnableJpaRepositories declared on DataJpaRepositoriesRegistrar.EnableJpaRepositoriesConfiguration: Cannot resolve reference to bean 'jpaSharedEM_entityManagerFactory' while setting bean property 'entityManager'
2026-06-05 09:54:34 - Stopping service [Tomcat]
2026-06-05 09:54:34 - The web application [ROOT] appears to have started a thread named [HikariPool-1:housekeeper] but has failed to stop it. This is very likely to create a memory leak. Stack trace of thread:
 java.base/jdk.internal.misc.Unsafe.park(Native Method)
 java.base/java.util.concurrent.locks.LockSupport.parkNanos(LockSupport.java:269)
 java.base/java.util.concurrent.locks.AbstractQueuedSynchronizer$ConditionObject.awaitNanos(AbstractQueuedSynchronizer.java:1758)
 java.base/java.util.concurrent.ScheduledThreadPoolExecutor$DelayedWorkQueue.take(ScheduledThreadPoolExecutor.java:1182)
 java.base/java.util.concurrent.ScheduledThreadPoolExecutor$DelayedWorkQueue.take(ScheduledThreadPoolExecutor.java:899)
 java.base/java.util.concurrent.ThreadPoolExecutor.getTask(ThreadPoolExecutor.java:1070)
 java.base/java.util.concurrent.ThreadPoolExecutor.runWorker(ThreadPoolExecutor.java:1130)
 java.base/java.util.concurrent.ThreadPoolExecutor$Worker.run(ThreadPoolExecutor.java:642)
 java.base/java.lang.Thread.run(Thread.java:1583)
2026-06-05 09:54:34 - The web application [ROOT] appears to have started a thread named [HikariPool-1:connection-adder] but has failed to stop it. This is very likely to create a memory leak. Stack trace of thread:
 java.base/jdk.internal.misc.Unsafe.park(Native Method)
 java.base/java.util.concurrent.locks.LockSupport.parkNanos(LockSupport.java:269)
 java.base/java.util.concurrent.locks.AbstractQueuedSynchronizer$ConditionObject.awaitNanos(AbstractQueuedSynchronizer.java:1758)
 java.base/java.util.concurrent.LinkedBlockingQueue.poll(LinkedBlockingQueue.java:460)
 java.base/java.util.concurrent.ThreadPoolExecutor.getTask(ThreadPoolExecutor.java:1069)
 java.base/java.util.concurrent.ThreadPoolExecutor.runWorker(ThreadPoolExecutor.java:1130)
 java.base/java.util.concurrent.ThreadPoolExecutor$Worker.run(ThreadPoolExecutor.java:642)
 java.base/java.lang.Thread.run(Thread.java:1583)
2026-06-05 09:54:34 - Exception encountered during context initialization - cancelling refresh attempt: org.springframework.context.ApplicationContextException: Unable to start web server
2026-06-05 09:54:34 - HikariPool-1 - Shutdown initiated...
2026-06-05 09:54:34 - HikariPool-1 - Shutdown completed.
2026-06-05 09:54:34 - 

Error starting ApplicationContext. To display the condition evaluation report re-run your application with 'debug' enabled.
2026-06-05 09:54:34 - Application run failed
org.springframework.context.ApplicationContextException: Unable to start web server
	at org.springframework.boot.web.server.servlet.context.ServletWebServerApplicationContext.onRefresh(ServletWebServerApplicationContext.java:167)
	at org.springframework.context.support.AbstractApplicationContext.refresh(AbstractApplicationContext.java:615)
	at org.springframework.boot.web.server.servlet.context.ServletWebServerApplicationContext.refresh(ServletWebServerApplicationContext.java:143)
	at org.springframework.boot.SpringApplication.refresh(SpringApplication.java:756)
	at org.springframework.boot.SpringApplication.refreshContext(SpringApplication.java:445)
	at org.springframework.boot.SpringApplication.run(SpringApplication.java:321)
	at org.springframework.boot.SpringApplication.run(SpringApplication.java:1365)
	at org.springframework.boot.SpringApplication.run(SpringApplication.java:1354)
	at com.talent.java.batch11.springbootapp.SpringBootAppApplication.main(SpringBootAppApplication.java:10)
Caused by: org.springframework.boot.web.server.WebServerException: Unable to start embedded Tomcat
	at org.springframework.boot.tomcat.TomcatWebServer.initialize(TomcatWebServer.java:150)
	at org.springframework.boot.tomcat.TomcatWebServer.<init>(TomcatWebServer.java:110)
	at org.springframework.boot.tomcat.servlet.TomcatServletWebServerFactory.getTomcatWebServer(TomcatServletWebServerFactory.java:408)
	at org.springframework.boot.tomcat.servlet.TomcatServletWebServerFactory.getWebServer(TomcatServletWebServerFactory.java:166)
	at org.springframework.boot.web.server.servlet.context.ServletWebServerApplicationContext.createWebServer(ServletWebServerApplicationContext.java:190)
	at org.springframework.boot.web.server.servlet.context.ServletWebServerApplicationContext.onRefresh(ServletWebServerApplicationContext.java:164)
	... 8 common frames omitted
Caused by: org.springframework.beans.factory.UnsatisfiedDependencyException: Error creating bean with name 'authServiceImpl' defined in file [D:\Talent_Java\IdeaProjects\spring-boot-app\build\classes\java\main\com\talent\java\batch11\springbootapp\security\AuthServiceImpl.class]: Unsatisfied dependency expressed through constructor parameter 0: Error creating bean with name 'tokenServiceImpl': Unsatisfied dependency expressed through field 'accountRepository': Error creating bean with name 'accountRepository' defined in com.talent.java.batch11.springbootapp.repository.AccountRepository defined in @EnableJpaRepositories declared on DataJpaRepositoriesRegistrar.EnableJpaRepositoriesConfiguration: Cannot resolve reference to bean 'jpaSharedEM_entityManagerFactory' while setting bean property 'entityManager'
	at org.springframework.beans.factory.support.ConstructorResolver.createArgumentArray(ConstructorResolver.java:804)
	at org.springframework.beans.factory.support.ConstructorResolver.autowireConstructor(ConstructorResolver.java:240)
	at org.springframework.beans.factory.support.AbstractAutowireCapableBeanFactory.autowireConstructor(AbstractAutowireCapableBeanFactory.java:1382)
	at org.springframework.beans.factory.support.AbstractAutowireCapableBeanFactory.createBeanInstance(AbstractAutowireCapableBeanFactory.java:1221)
	at org.springframework.beans.factory.support.AbstractAutowireCapableBeanFactory.doCreateBean(AbstractAutowireCapableBeanFactory.java:565)
	at org.springframework.beans.factory.support.AbstractAutowireCapableBeanFactory.createBean(AbstractAutowireCapableBeanFactory.java:525)
	at org.springframework.beans.factory.support.AbstractBeanFactory.lambda$doGetBean$0(AbstractBeanFactory.java:333)
	at org.springframework.beans.factory.support.DefaultSingletonBeanRegistry.getSingleton(DefaultSingletonBeanRegistry.java:371)
	at org.springframework.beans.factory.support.AbstractBeanFactory.doGetBean(AbstractBeanFactory.java:331)
	at org.springframework.beans.factory.support.AbstractBeanFactory.getBean(AbstractBeanFactory.java:201)
	at org.springframework.boot.web.servlet.ServletContextInitializerBeans.getOrderedBeansOfType(ServletContextInitializerBeans.java:231)
	at org.springframework.boot.web.servlet.ServletContextInitializerBeans.addAsRegistrationBean(ServletContextInitializerBeans.java:185)
	at org.springframework.boot.web.servlet.ServletContextInitializerBeans.addAsRegistrationBean(ServletContextInitializerBeans.java:180)
	at org.springframework.boot.web.servlet.ServletContextInitializerBeans.addAdaptableBeans(ServletContextInitializerBeans.java:165)
	at org.springframework.boot.web.servlet.ServletContextInitializerBeans.<init>(ServletContextInitializerBeans.java:97)
	at org.springframework.boot.web.context.servlet.WebApplicationContextInitializer.initialize(WebApplicationContextInitializer.java:53)
	at org.springframework.boot.tomcat.servlet.DeferredServletContainerInitializers.onStartup(DeferredServletContainerInitializers.java:55)
	at org.apache.catalina.core.StandardContext.startInternal(StandardContext.java:4416)
	at org.apache.catalina.util.LifecycleBase.start(LifecycleBase.java:164)
	at org.apache.catalina.core.ContainerBase$StartChild.call(ContainerBase.java:1162)
	at org.apache.catalina.core.ContainerBase$StartChild.call(ContainerBase.java:1158)
	at java.base/java.util.concurrent.FutureTask.run(FutureTask.java:317)
	at org.apache.tomcat.util.threads.InlineExecutorService.execute(InlineExecutorService.java:81)
	at java.base/java.util.concurrent.AbstractExecutorService.submit(AbstractExecutorService.java:145)
	at org.apache.catalina.core.ContainerBase.startInternal(ContainerBase.java:714)
	at org.apache.catalina.core.StandardHost.startInternal(StandardHost.java:780)
	at org.apache.catalina.util.LifecycleBase.start(LifecycleBase.java:164)
	at org.apache.catalina.core.ContainerBase$StartChild.call(ContainerBase.java:1162)
	at org.apache.catalina.core.ContainerBase$StartChild.call(ContainerBase.java:1158)
	at java.base/java.util.concurrent.FutureTask.run(FutureTask.java:317)
	at org.apache.tomcat.util.threads.InlineExecutorService.execute(InlineExecutorService.java:81)
	at java.base/java.util.concurrent.AbstractExecutorService.submit(AbstractExecutorService.java:145)
	at org.apache.catalina.core.ContainerBase.startInternal(ContainerBase.java:714)
	at org.apache.catalina.core.StandardEngine.startInternal(StandardEngine.java:201)
	at org.apache.catalina.util.LifecycleBase.start(LifecycleBase.java:164)
	at org.apache.catalina.core.StandardService.startInternal(StandardService.java:410)
	at org.apache.catalina.util.LifecycleBase.start(LifecycleBase.java:164)
	at org.apache.catalina.core.StandardServer.startInternal(StandardServer.java:864)
	at org.apache.catalina.util.LifecycleBase.start(LifecycleBase.java:164)
	at org.apache.catalina.startup.Tomcat.start(Tomcat.java:435)
	at org.springframework.boot.tomcat.TomcatWebServer.initialize(TomcatWebServer.java:131)
	... 13 common frames omitted
Caused by: org.springframework.beans.factory.UnsatisfiedDependencyException: Error creating bean with name 'tokenServiceImpl': Unsatisfied dependency expressed through field 'accountRepository': Error creating bean with name 'accountRepository' defined in com.talent.java.batch11.springbootapp.repository.AccountRepository defined in @EnableJpaRepositories declared on DataJpaRepositoriesRegistrar.EnableJpaRepositoriesConfiguration: Cannot resolve reference to bean 'jpaSharedEM_entityManagerFactory' while setting bean property 'entityManager'
	at org.springframework.beans.factory.annotation.AutowiredAnnotationBeanPostProcessor$AutowiredFieldElement.resolveFieldValue(AutowiredAnnotationBeanPostProcessor.java:767)
	at org.springframework.beans.factory.annotation.AutowiredAnnotationBeanPostProcessor$AutowiredFieldElement.inject(AutowiredAnnotationBeanPostProcessor.java:748)
	at org.springframework.beans.factory.annotation.InjectionMetadata.inject(InjectionMetadata.java:146)
	at org.springframework.beans.factory.annotation.AutowiredAnnotationBeanPostProcessor.postProcessProperties(AutowiredAnnotationBeanPostProcessor.java:493)
	at org.springframework.beans.factory.support.AbstractAutowireCapableBeanFactory.populateBean(AbstractAutowireCapableBeanFactory.java:1446)
	at org.springframework.beans.factory.support.AbstractAutowireCapableBeanFactory.doCreateBean(AbstractAutowireCapableBeanFactory.java:602)
	at org.springframework.beans.factory.support.AbstractAutowireCapableBeanFactory.createBean(AbstractAutowireCapableBeanFactory.java:525)
	at org.springframework.beans.factory.support.AbstractBeanFactory.lambda$doGetBean$0(AbstractBeanFactory.java:333)
	at org.springframework.beans.factory.support.DefaultSingletonBeanRegistry.getSingleton(DefaultSingletonBeanRegistry.java:371)
	at org.springframework.beans.factory.support.AbstractBeanFactory.doGetBean(AbstractBeanFactory.java:331)
	at org.springframework.beans.factory.support.AbstractBeanFactory.getBean(AbstractBeanFactory.java:201)
	at org.springframework.beans.factory.config.DependencyDescriptor.resolveCandidate(DependencyDescriptor.java:229)
	at org.springframework.beans.factory.support.DefaultListableBeanFactory.doResolveDependency(DefaultListableBeanFactory.java:1762)
	at org.springframework.beans.factory.support.DefaultListableBeanFactory.resolveDependency(DefaultListableBeanFactory.java:1651)
	at org.springframework.beans.factory.support.ConstructorResolver.resolveAutowiredArgument(ConstructorResolver.java:912)
	at org.springframework.beans.factory.support.ConstructorResolver.createArgumentArray(ConstructorResolver.java:791)
	... 53 common frames omitted
Caused by: org.springframework.beans.factory.BeanCreationException: Error creating bean with name 'accountRepository' defined in com.talent.java.batch11.springbootapp.repository.AccountRepository defined in @EnableJpaRepositories declared on DataJpaRepositoriesRegistrar.EnableJpaRepositoriesConfiguration: Cannot resolve reference to bean 'jpaSharedEM_entityManagerFactory' while setting bean property 'entityManager'
	at org.springframework.beans.factory.support.BeanDefinitionValueResolver.resolveReference(BeanDefinitionValueResolver.java:377)
	at org.springframework.beans.factory.support.BeanDefinitionValueResolver.resolveValueIfNecessary(BeanDefinitionValueResolver.java:135)
	at org.springframework.beans.factory.support.AbstractAutowireCapableBeanFactory.applyPropertyValues(AbstractAutowireCapableBeanFactory.java:1712)
	at org.springframework.beans.factory.support.AbstractAutowireCapableBeanFactory.populateBean(AbstractAutowireCapableBeanFactory.java:1461)
	at org.springframework.beans.factory.support.AbstractAutowireCapableBeanFactory.doCreateBean(AbstractAutowireCapableBeanFactory.java:602)
	at org.springframework.beans.factory.support.AbstractAutowireCapableBeanFactory.createBean(AbstractAutowireCapableBeanFactory.java:525)
	at org.springframework.beans.factory.support.AbstractBeanFactory.lambda$doGetBean$0(AbstractBeanFactory.java:333)
	at org.springframework.beans.factory.support.DefaultSingletonBeanRegistry.getSingleton(DefaultSingletonBeanRegistry.java:371)
	at org.springframework.beans.factory.support.AbstractBeanFactory.doGetBean(AbstractBeanFactory.java:331)
	at org.springframework.beans.factory.support.AbstractBeanFactory.getBean(AbstractBeanFactory.java:201)
	at org.springframework.beans.factory.support.DefaultListableBeanFactory.resolveBean(DefaultListableBeanFactory.java:1225)
	at org.springframework.beans.factory.support.DefaultListableBeanFactory.doResolveDependency(DefaultListableBeanFactory.java:1704)
	at org.springframework.beans.factory.support.DefaultListableBeanFactory.resolveDependency(DefaultListableBeanFactory.java:1651)
	at org.springframework.beans.factory.annotation.AutowiredAnnotationBeanPostProcessor$AutowiredFieldElement.resolveFieldValue(AutowiredAnnotationBeanPostProcessor.java:764)
	... 68 common frames omitted
Caused by: org.springframework.beans.factory.BeanCreationException: Error creating bean with name 'jpaSharedEM_entityManagerFactory': Cannot resolve reference to bean 'entityManagerFactory' while setting constructor argument
	at org.springframework.beans.factory.support.BeanDefinitionValueResolver.resolveReference(BeanDefinitionValueResolver.java:377)
	at org.springframework.beans.factory.support.BeanDefinitionValueResolver.resolveValueIfNecessary(BeanDefinitionValueResolver.java:135)
	at org.springframework.beans.factory.support.ConstructorResolver.resolveConstructorArguments(ConstructorResolver.java:691)
	at org.springframework.beans.factory.support.ConstructorResolver.instantiateUsingFactoryMethod(ConstructorResolver.java:513)
	at org.springframework.beans.factory.support.AbstractAutowireCapableBeanFactory.instantiateUsingFactoryMethod(AbstractAutowireCapableBeanFactory.java:1362)
	at org.springframework.beans.factory.support.AbstractAutowireCapableBeanFactory.createBeanInstance(AbstractAutowireCapableBeanFactory.java:1194)
	at org.springframework.beans.factory.support.AbstractAutowireCapableBeanFactory.doCreateBean(AbstractAutowireCapableBeanFactory.java:565)
	at org.springframework.beans.factory.support.AbstractAutowireCapableBeanFactory.createBean(AbstractAutowireCapableBeanFactory.java:525)
	at org.springframework.beans.factory.support.AbstractBeanFactory.lambda$doGetBean$0(AbstractBeanFactory.java:333)
	at org.springframework.beans.factory.support.DefaultSingletonBeanRegistry.getSingleton(DefaultSingletonBeanRegistry.java:371)
	at org.springframework.beans.factory.support.AbstractBeanFactory.doGetBean(AbstractBeanFactory.java:331)
	at org.springframework.beans.factory.support.AbstractBeanFactory.getBean(AbstractBeanFactory.java:201)
	at org.springframework.beans.factory.support.BeanDefinitionValueResolver.resolveReference(BeanDefinitionValueResolver.java:356)
	... 81 common frames omitted
Caused by: org.springframework.beans.factory.BeanCreationException: Error creating bean with name 'entityManagerFactory' defined in class path resource [org/springframework/boot/hibernate/autoconfigure/HibernateJpaConfiguration.class]: Unable to build Hibernate SessionFactory  [persistence unit: default] ; nested exception is org.hibernate.tool.schema.spi.SchemaManagementException: Schema validation: missing table [users]
	at org.springframework.beans.factory.support.AbstractAutowireCapableBeanFactory.initializeBean(AbstractAutowireCapableBeanFactory.java:1817)
	at org.springframework.beans.factory.support.AbstractAutowireCapableBeanFactory.doCreateBean(AbstractAutowireCapableBeanFactory.java:603)
	at org.springframework.beans.factory.support.AbstractAutowireCapableBeanFactory.createBean(AbstractAutowireCapableBeanFactory.java:525)
	at org.springframework.beans.factory.support.AbstractBeanFactory.lambda$doGetBean$0(AbstractBeanFactory.java:333)
	at org.springframework.beans.factory.support.DefaultSingletonBeanRegistry.getSingleton(DefaultSingletonBeanRegistry.java:371)
	at org.springframework.beans.factory.support.AbstractBeanFactory.doGetBean(AbstractBeanFactory.java:331)
	at org.springframework.beans.factory.support.AbstractBeanFactory.getBean(AbstractBeanFactory.java:196)
	at org.springframework.beans.factory.support.BeanDefinitionValueResolver.resolveReference(BeanDefinitionValueResolver.java:365)
	... 93 common frames omitted
Caused by: jakarta.persistence.PersistenceException: Unable to build Hibernate SessionFactory  [persistence unit: default] ; nested exception is org.hibernate.tool.schema.spi.SchemaManagementException: Schema validation: missing table [users]
	at org.springframework.orm.jpa.AbstractEntityManagerFactoryBean.buildNativeEntityManagerFactory(AbstractEntityManagerFactoryBean.java:448)
	at org.springframework.orm.jpa.AbstractEntityManagerFactoryBean.afterPropertiesSet(AbstractEntityManagerFactoryBean.java:411)
	at org.springframework.orm.jpa.LocalContainerEntityManagerFactoryBean.afterPropertiesSet(LocalContainerEntityManagerFactoryBean.java:419)
	at org.springframework.beans.factory.support.AbstractAutowireCapableBeanFactory.invokeInitMethods(AbstractAutowireCapableBeanFactory.java:1864)
	at org.springframework.beans.factory.support.AbstractAutowireCapableBeanFactory.initializeBean(AbstractAutowireCapableBeanFactory.java:1813)
	... 100 common frames omitted
Caused by: org.hibernate.tool.schema.spi.SchemaManagementException: Schema validation: missing table [users]
	at org.hibernate.tool.schema.internal.AbstractSchemaValidator.validateTable(AbstractSchemaValidator.java:121)
	at org.hibernate.tool.schema.internal.GroupedSchemaValidatorImpl.validateTables(GroupedSchemaValidatorImpl.java:42)
	at org.hibernate.tool.schema.internal.AbstractSchemaValidator.performValidation(AbstractSchemaValidator.java:90)
	at org.hibernate.tool.schema.internal.AbstractSchemaValidator.doValidation(AbstractSchemaValidator.java:68)
	at org.hibernate.tool.schema.spi.SchemaManagementToolCoordinator.performDatabaseAction(SchemaManagementToolCoordinator.java:278)
	at org.hibernate.tool.schema.spi.SchemaManagementToolCoordinator.lambda$process$1(SchemaManagementToolCoordinator.java:101)
	at java.base/java.util.HashMap.forEach(HashMap.java:1429)
	at org.hibernate.tool.schema.spi.SchemaManagementToolCoordinator.process(SchemaManagementToolCoordinator.java:100)
	at org.hibernate.boot.internal.SessionFactoryObserverForSchemaExport.sessionFactoryCreated(SessionFactoryObserverForSchemaExport.java:35)
	at org.hibernate.internal.SessionFactoryObserverChain.sessionFactoryCreated(SessionFactoryObserverChain.java:33)
	at org.hibernate.internal.SessionFactoryImpl.<init>(SessionFactoryImpl.java:323)
	at org.hibernate.internal.SessionFactoryRegistry.instantiateSessionFactory(SessionFactoryRegistry.java:64)
	at org.hibernate.boot.internal.SessionFactoryBuilderImpl.build(SessionFactoryBuilderImpl.java:437)
	at org.hibernate.jpa.boot.internal.EntityManagerFactoryBuilderImpl.build(EntityManagerFactoryBuilderImpl.java:1456)
	at org.springframework.orm.jpa.vendor.SpringHibernateJpaPersistenceProvider.createContainerEntityManagerFactory(SpringHibernateJpaPersistenceProvider.java:93)
	at org.springframework.orm.jpa.LocalContainerEntityManagerFactoryBean.createNativeEntityManagerFactory(LocalContainerEntityManagerFactoryBean.java:443)
	at org.springframework.orm.jpa.AbstractEntityManagerFactoryBean.buildNativeEntityManagerFactory(AbstractEntityManagerFactoryBean.java:436)
	... 104 common frames omitted
2026-06-05 09:57:03 - Starting SpringBootAppApplication using Java 21.0.2 with PID 3860 (D:\Talent_Java\IdeaProjects\spring-boot-app\build\classes\java\main started by LENOVO z in D:\Talent_Java\IdeaProjects\spring-boot-app)
2026-06-05 09:57:03 - No active profile set, falling back to 1 default profile: "default"
2026-06-05 09:57:04 - Bootstrapping Spring Data JPA repositories in DEFAULT mode.
2026-06-05 09:57:04 - Finished Spring Data repository scanning in 95 ms. Found 2 JPA repository interfaces.
2026-06-05 09:57:05 - Tomcat initialized with port 8080 (http)
2026-06-05 09:57:05 - Initializing ProtocolHandler ["http-nio-8080"]
2026-06-05 09:57:05 - Starting service [Tomcat]
2026-06-05 09:57:05 - Starting Servlet engine: [Apache Tomcat/11.0.21]
2026-06-05 09:57:05 - Root WebApplicationContext: initialization completed in 2661 ms
2026-06-05 09:57:06 - HikariPool-1 - Starting...
2026-06-05 09:57:07 - HikariPool-1 - Added connection com.mysql.cj.jdbc.ConnectionImpl@7ed8b44
2026-06-05 09:57:07 - HikariPool-1 - Start completed.
2026-06-05 09:57:08 - Database: jdbc:mysql://localhost:3306/atm_db (MySQL 8.0)
2026-06-05 09:57:08 - Successfully validated 1 migration (execution time 00:00.051s)
2026-06-05 09:57:08 - Current version of schema `atm_db`: 0
2026-06-05 09:57:08 - Schema `atm_db` is up to date. No migration necessary.
2026-06-05 09:57:08 - HHH008540: Processing PersistenceUnitInfo [name: default]
2026-06-05 09:57:08 - HHH000001: Hibernate ORM core version 7.2.12.Final
2026-06-05 09:57:09 - No LoadTimeWeaver setup: ignoring JPA class transformer
2026-06-05 09:57:10 - HHH10001005: Database info:
	Database JDBC URL [jdbc:mysql://localhost:3306/atm_db]
	Database driver: MySQL Connector/J
	Database dialect: MySQLDialect
	Database version: 8.0.39
	Default catalog/schema: atm_db/undefined
	Autocommit mode: undefined/unknown
	Isolation level: REPEATABLE_READ [default REPEATABLE_READ]
	JDBC fetch size: none
	Pool: DataSourceConnectionProvider
	Minimum pool size: undefined/unknown
	Maximum pool size: undefined/unknown
2026-06-05 09:57:12 - HHH000489: No JTA platform available (set 'hibernate.transaction.jta.platform' to enable JTA platform integration)
2026-06-05 09:57:12 - Failed to initialize JPA EntityManagerFactory: Unable to build Hibernate SessionFactory  [persistence unit: default] ; nested exception is org.hibernate.tool.schema.spi.SchemaManagementException: Schema validation: missing table [users]
2026-06-05 09:57:12 - Error starting Tomcat context. Exception: org.springframework.beans.factory.UnsatisfiedDependencyException. Message: Error creating bean with name 'authServiceImpl' defined in file [D:\Talent_Java\IdeaProjects\spring-boot-app\build\classes\java\main\com\talent\java\batch11\springbootapp\security\AuthServiceImpl.class]: Unsatisfied dependency expressed through constructor parameter 0: Error creating bean with name 'tokenServiceImpl': Unsatisfied dependency expressed through field 'accountRepository': Error creating bean with name 'accountRepository' defined in com.talent.java.batch11.springbootapp.repository.AccountRepository defined in @EnableJpaRepositories declared on DataJpaRepositoriesRegistrar.EnableJpaRepositoriesConfiguration: Cannot resolve reference to bean 'jpaSharedEM_entityManagerFactory' while setting bean property 'entityManager'
2026-06-05 09:57:12 - Stopping service [Tomcat]
2026-06-05 09:57:12 - The web application [ROOT] appears to have started a thread named [HikariPool-1:housekeeper] but has failed to stop it. This is very likely to create a memory leak. Stack trace of thread:
 java.base/jdk.internal.misc.Unsafe.park(Native Method)
 java.base/java.util.concurrent.locks.LockSupport.parkNanos(LockSupport.java:269)
 java.base/java.util.concurrent.locks.AbstractQueuedSynchronizer$ConditionObject.awaitNanos(AbstractQueuedSynchronizer.java:1758)
 java.base/java.util.concurrent.ScheduledThreadPoolExecutor$DelayedWorkQueue.take(ScheduledThreadPoolExecutor.java:1182)
 java.base/java.util.concurrent.ScheduledThreadPoolExecutor$DelayedWorkQueue.take(ScheduledThreadPoolExecutor.java:899)
 java.base/java.util.concurrent.ThreadPoolExecutor.getTask(ThreadPoolExecutor.java:1070)
 java.base/java.util.concurrent.ThreadPoolExecutor.runWorker(ThreadPoolExecutor.java:1130)
 java.base/java.util.concurrent.ThreadPoolExecutor$Worker.run(ThreadPoolExecutor.java:642)
 java.base/java.lang.Thread.run(Thread.java:1583)
2026-06-05 09:57:12 - The web application [ROOT] appears to have started a thread named [HikariPool-1:connection-adder] but has failed to stop it. This is very likely to create a memory leak. Stack trace of thread:
 java.base/jdk.internal.misc.Unsafe.park(Native Method)
 java.base/java.util.concurrent.locks.LockSupport.parkNanos(LockSupport.java:269)
 java.base/java.util.concurrent.locks.AbstractQueuedSynchronizer$ConditionObject.awaitNanos(AbstractQueuedSynchronizer.java:1758)
 java.base/java.util.concurrent.LinkedBlockingQueue.poll(LinkedBlockingQueue.java:460)
 java.base/java.util.concurrent.ThreadPoolExecutor.getTask(ThreadPoolExecutor.java:1069)
 java.base/java.util.concurrent.ThreadPoolExecutor.runWorker(ThreadPoolExecutor.java:1130)
 java.base/java.util.concurrent.ThreadPoolExecutor$Worker.run(ThreadPoolExecutor.java:642)
 java.base/java.lang.Thread.run(Thread.java:1583)
2026-06-05 09:57:12 - Exception encountered during context initialization - cancelling refresh attempt: org.springframework.context.ApplicationContextException: Unable to start web server
2026-06-05 09:57:12 - HikariPool-1 - Shutdown initiated...
2026-06-05 09:57:12 - HikariPool-1 - Shutdown completed.
2026-06-05 09:57:12 - 

Error starting ApplicationContext. To display the condition evaluation report re-run your application with 'debug' enabled.
2026-06-05 09:57:12 - Application run failed
org.springframework.context.ApplicationContextException: Unable to start web server
	at org.springframework.boot.web.server.servlet.context.ServletWebServerApplicationContext.onRefresh(ServletWebServerApplicationContext.java:167)
	at org.springframework.context.support.AbstractApplicationContext.refresh(AbstractApplicationContext.java:615)
	at org.springframework.boot.web.server.servlet.context.ServletWebServerApplicationContext.refresh(ServletWebServerApplicationContext.java:143)
	at org.springframework.boot.SpringApplication.refresh(SpringApplication.java:756)
	at org.springframework.boot.SpringApplication.refreshContext(SpringApplication.java:445)
	at org.springframework.boot.SpringApplication.run(SpringApplication.java:321)
	at org.springframework.boot.SpringApplication.run(SpringApplication.java:1365)
	at org.springframework.boot.SpringApplication.run(SpringApplication.java:1354)
	at com.talent.java.batch11.springbootapp.SpringBootAppApplication.main(SpringBootAppApplication.java:10)
Caused by: org.springframework.boot.web.server.WebServerException: Unable to start embedded Tomcat
	at org.springframework.boot.tomcat.TomcatWebServer.initialize(TomcatWebServer.java:150)
	at org.springframework.boot.tomcat.TomcatWebServer.<init>(TomcatWebServer.java:110)
	at org.springframework.boot.tomcat.servlet.TomcatServletWebServerFactory.getTomcatWebServer(TomcatServletWebServerFactory.java:408)
	at org.springframework.boot.tomcat.servlet.TomcatServletWebServerFactory.getWebServer(TomcatServletWebServerFactory.java:166)
	at org.springframework.boot.web.server.servlet.context.ServletWebServerApplicationContext.createWebServer(ServletWebServerApplicationContext.java:190)
	at org.springframework.boot.web.server.servlet.context.ServletWebServerApplicationContext.onRefresh(ServletWebServerApplicationContext.java:164)
	... 8 common frames omitted
Caused by: org.springframework.beans.factory.UnsatisfiedDependencyException: Error creating bean with name 'authServiceImpl' defined in file [D:\Talent_Java\IdeaProjects\spring-boot-app\build\classes\java\main\com\talent\java\batch11\springbootapp\security\AuthServiceImpl.class]: Unsatisfied dependency expressed through constructor parameter 0: Error creating bean with name 'tokenServiceImpl': Unsatisfied dependency expressed through field 'accountRepository': Error creating bean with name 'accountRepository' defined in com.talent.java.batch11.springbootapp.repository.AccountRepository defined in @EnableJpaRepositories declared on DataJpaRepositoriesRegistrar.EnableJpaRepositoriesConfiguration: Cannot resolve reference to bean 'jpaSharedEM_entityManagerFactory' while setting bean property 'entityManager'
	at org.springframework.beans.factory.support.ConstructorResolver.createArgumentArray(ConstructorResolver.java:804)
	at org.springframework.beans.factory.support.ConstructorResolver.autowireConstructor(ConstructorResolver.java:240)
	at org.springframework.beans.factory.support.AbstractAutowireCapableBeanFactory.autowireConstructor(AbstractAutowireCapableBeanFactory.java:1382)
	at org.springframework.beans.factory.support.AbstractAutowireCapableBeanFactory.createBeanInstance(AbstractAutowireCapableBeanFactory.java:1221)
	at org.springframework.beans.factory.support.AbstractAutowireCapableBeanFactory.doCreateBean(AbstractAutowireCapableBeanFactory.java:565)
	at org.springframework.beans.factory.support.AbstractAutowireCapableBeanFactory.createBean(AbstractAutowireCapableBeanFactory.java:525)
	at org.springframework.beans.factory.support.AbstractBeanFactory.lambda$doGetBean$0(AbstractBeanFactory.java:333)
	at org.springframework.beans.factory.support.DefaultSingletonBeanRegistry.getSingleton(DefaultSingletonBeanRegistry.java:371)
	at org.springframework.beans.factory.support.AbstractBeanFactory.doGetBean(AbstractBeanFactory.java:331)
	at org.springframework.beans.factory.support.AbstractBeanFactory.getBean(AbstractBeanFactory.java:201)
	at org.springframework.boot.web.servlet.ServletContextInitializerBeans.getOrderedBeansOfType(ServletContextInitializerBeans.java:231)
	at org.springframework.boot.web.servlet.ServletContextInitializerBeans.addAsRegistrationBean(ServletContextInitializerBeans.java:185)
	at org.springframework.boot.web.servlet.ServletContextInitializerBeans.addAsRegistrationBean(ServletContextInitializerBeans.java:180)
	at org.springframework.boot.web.servlet.ServletContextInitializerBeans.addAdaptableBeans(ServletContextInitializerBeans.java:165)
	at org.springframework.boot.web.servlet.ServletContextInitializerBeans.<init>(ServletContextInitializerBeans.java:97)
	at org.springframework.boot.web.context.servlet.WebApplicationContextInitializer.initialize(WebApplicationContextInitializer.java:53)
	at org.springframework.boot.tomcat.servlet.DeferredServletContainerInitializers.onStartup(DeferredServletContainerInitializers.java:55)
	at org.apache.catalina.core.StandardContext.startInternal(StandardContext.java:4416)
	at org.apache.catalina.util.LifecycleBase.start(LifecycleBase.java:164)
	at org.apache.catalina.core.ContainerBase$StartChild.call(ContainerBase.java:1162)
	at org.apache.catalina.core.ContainerBase$StartChild.call(ContainerBase.java:1158)
	at java.base/java.util.concurrent.FutureTask.run(FutureTask.java:317)
	at org.apache.tomcat.util.threads.InlineExecutorService.execute(InlineExecutorService.java:81)
	at java.base/java.util.concurrent.AbstractExecutorService.submit(AbstractExecutorService.java:145)
	at org.apache.catalina.core.ContainerBase.startInternal(ContainerBase.java:714)
	at org.apache.catalina.core.StandardHost.startInternal(StandardHost.java:780)
	at org.apache.catalina.util.LifecycleBase.start(LifecycleBase.java:164)
	at org.apache.catalina.core.ContainerBase$StartChild.call(ContainerBase.java:1162)
	at org.apache.catalina.core.ContainerBase$StartChild.call(ContainerBase.java:1158)
	at java.base/java.util.concurrent.FutureTask.run(FutureTask.java:317)
	at org.apache.tomcat.util.threads.InlineExecutorService.execute(InlineExecutorService.java:81)
	at java.base/java.util.concurrent.AbstractExecutorService.submit(AbstractExecutorService.java:145)
	at org.apache.catalina.core.ContainerBase.startInternal(ContainerBase.java:714)
	at org.apache.catalina.core.StandardEngine.startInternal(StandardEngine.java:201)
	at org.apache.catalina.util.LifecycleBase.start(LifecycleBase.java:164)
	at org.apache.catalina.core.StandardService.startInternal(StandardService.java:410)
	at org.apache.catalina.util.LifecycleBase.start(LifecycleBase.java:164)
	at org.apache.catalina.core.StandardServer.startInternal(StandardServer.java:864)
	at org.apache.catalina.util.LifecycleBase.start(LifecycleBase.java:164)
	at org.apache.catalina.startup.Tomcat.start(Tomcat.java:435)
	at org.springframework.boot.tomcat.TomcatWebServer.initialize(TomcatWebServer.java:131)
	... 13 common frames omitted
Caused by: org.springframework.beans.factory.UnsatisfiedDependencyException: Error creating bean with name 'tokenServiceImpl': Unsatisfied dependency expressed through field 'accountRepository': Error creating bean with name 'accountRepository' defined in com.talent.java.batch11.springbootapp.repository.AccountRepository defined in @EnableJpaRepositories declared on DataJpaRepositoriesRegistrar.EnableJpaRepositoriesConfiguration: Cannot resolve reference to bean 'jpaSharedEM_entityManagerFactory' while setting bean property 'entityManager'
	at org.springframework.beans.factory.annotation.AutowiredAnnotationBeanPostProcessor$AutowiredFieldElement.resolveFieldValue(AutowiredAnnotationBeanPostProcessor.java:767)
	at org.springframework.beans.factory.annotation.AutowiredAnnotationBeanPostProcessor$AutowiredFieldElement.inject(AutowiredAnnotationBeanPostProcessor.java:748)
	at org.springframework.beans.factory.annotation.InjectionMetadata.inject(InjectionMetadata.java:146)
	at org.springframework.beans.factory.annotation.AutowiredAnnotationBeanPostProcessor.postProcessProperties(AutowiredAnnotationBeanPostProcessor.java:493)
	at org.springframework.beans.factory.support.AbstractAutowireCapableBeanFactory.populateBean(AbstractAutowireCapableBeanFactory.java:1446)
	at org.springframework.beans.factory.support.AbstractAutowireCapableBeanFactory.doCreateBean(AbstractAutowireCapableBeanFactory.java:602)
	at org.springframework.beans.factory.support.AbstractAutowireCapableBeanFactory.createBean(AbstractAutowireCapableBeanFactory.java:525)
	at org.springframework.beans.factory.support.AbstractBeanFactory.lambda$doGetBean$0(AbstractBeanFactory.java:333)
	at org.springframework.beans.factory.support.DefaultSingletonBeanRegistry.getSingleton(DefaultSingletonBeanRegistry.java:371)
	at org.springframework.beans.factory.support.AbstractBeanFactory.doGetBean(AbstractBeanFactory.java:331)
	at org.springframework.beans.factory.support.AbstractBeanFactory.getBean(AbstractBeanFactory.java:201)
	at org.springframework.beans.factory.config.DependencyDescriptor.resolveCandidate(DependencyDescriptor.java:229)
	at org.springframework.beans.factory.support.DefaultListableBeanFactory.doResolveDependency(DefaultListableBeanFactory.java:1762)
	at org.springframework.beans.factory.support.DefaultListableBeanFactory.resolveDependency(DefaultListableBeanFactory.java:1651)
	at org.springframework.beans.factory.support.ConstructorResolver.resolveAutowiredArgument(ConstructorResolver.java:912)
	at org.springframework.beans.factory.support.ConstructorResolver.createArgumentArray(ConstructorResolver.java:791)
	... 53 common frames omitted
Caused by: org.springframework.beans.factory.BeanCreationException: Error creating bean with name 'accountRepository' defined in com.talent.java.batch11.springbootapp.repository.AccountRepository defined in @EnableJpaRepositories declared on DataJpaRepositoriesRegistrar.EnableJpaRepositoriesConfiguration: Cannot resolve reference to bean 'jpaSharedEM_entityManagerFactory' while setting bean property 'entityManager'
	at org.springframework.beans.factory.support.BeanDefinitionValueResolver.resolveReference(BeanDefinitionValueResolver.java:377)
	at org.springframework.beans.factory.support.BeanDefinitionValueResolver.resolveValueIfNecessary(BeanDefinitionValueResolver.java:135)
	at org.springframework.beans.factory.support.AbstractAutowireCapableBeanFactory.applyPropertyValues(AbstractAutowireCapableBeanFactory.java:1712)
	at org.springframework.beans.factory.support.AbstractAutowireCapableBeanFactory.populateBean(AbstractAutowireCapableBeanFactory.java:1461)
	at org.springframework.beans.factory.support.AbstractAutowireCapableBeanFactory.doCreateBean(AbstractAutowireCapableBeanFactory.java:602)
	at org.springframework.beans.factory.support.AbstractAutowireCapableBeanFactory.createBean(AbstractAutowireCapableBeanFactory.java:525)
	at org.springframework.beans.factory.support.AbstractBeanFactory.lambda$doGetBean$0(AbstractBeanFactory.java:333)
	at org.springframework.beans.factory.support.DefaultSingletonBeanRegistry.getSingleton(DefaultSingletonBeanRegistry.java:371)
	at org.springframework.beans.factory.support.AbstractBeanFactory.doGetBean(AbstractBeanFactory.java:331)
	at org.springframework.beans.factory.support.AbstractBeanFactory.getBean(AbstractBeanFactory.java:201)
	at org.springframework.beans.factory.support.DefaultListableBeanFactory.resolveBean(DefaultListableBeanFactory.java:1225)
	at org.springframework.beans.factory.support.DefaultListableBeanFactory.doResolveDependency(DefaultListableBeanFactory.java:1704)
	at org.springframework.beans.factory.support.DefaultListableBeanFactory.resolveDependency(DefaultListableBeanFactory.java:1651)
	at org.springframework.beans.factory.annotation.AutowiredAnnotationBeanPostProcessor$AutowiredFieldElement.resolveFieldValue(AutowiredAnnotationBeanPostProcessor.java:764)
	... 68 common frames omitted
Caused by: org.springframework.beans.factory.BeanCreationException: Error creating bean with name 'jpaSharedEM_entityManagerFactory': Cannot resolve reference to bean 'entityManagerFactory' while setting constructor argument
	at org.springframework.beans.factory.support.BeanDefinitionValueResolver.resolveReference(BeanDefinitionValueResolver.java:377)
	at org.springframework.beans.factory.support.BeanDefinitionValueResolver.resolveValueIfNecessary(BeanDefinitionValueResolver.java:135)
	at org.springframework.beans.factory.support.ConstructorResolver.resolveConstructorArguments(ConstructorResolver.java:691)
	at org.springframework.beans.factory.support.ConstructorResolver.instantiateUsingFactoryMethod(ConstructorResolver.java:513)
	at org.springframework.beans.factory.support.AbstractAutowireCapableBeanFactory.instantiateUsingFactoryMethod(AbstractAutowireCapableBeanFactory.java:1362)
	at org.springframework.beans.factory.support.AbstractAutowireCapableBeanFactory.createBeanInstance(AbstractAutowireCapableBeanFactory.java:1194)
	at org.springframework.beans.factory.support.AbstractAutowireCapableBeanFactory.doCreateBean(AbstractAutowireCapableBeanFactory.java:565)
	at org.springframework.beans.factory.support.AbstractAutowireCapableBeanFactory.createBean(AbstractAutowireCapableBeanFactory.java:525)
	at org.springframework.beans.factory.support.AbstractBeanFactory.lambda$doGetBean$0(AbstractBeanFactory.java:333)
	at org.springframework.beans.factory.support.DefaultSingletonBeanRegistry.getSingleton(DefaultSingletonBeanRegistry.java:371)
	at org.springframework.beans.factory.support.AbstractBeanFactory.doGetBean(AbstractBeanFactory.java:331)
	at org.springframework.beans.factory.support.AbstractBeanFactory.getBean(AbstractBeanFactory.java:201)
	at org.springframework.beans.factory.support.BeanDefinitionValueResolver.resolveReference(BeanDefinitionValueResolver.java:356)
	... 81 common frames omitted
Caused by: org.springframework.beans.factory.BeanCreationException: Error creating bean with name 'entityManagerFactory' defined in class path resource [org/springframework/boot/hibernate/autoconfigure/HibernateJpaConfiguration.class]: Unable to build Hibernate SessionFactory  [persistence unit: default] ; nested exception is org.hibernate.tool.schema.spi.SchemaManagementException: Schema validation: missing table [users]
	at org.springframework.beans.factory.support.AbstractAutowireCapableBeanFactory.initializeBean(AbstractAutowireCapableBeanFactory.java:1817)
	at org.springframework.beans.factory.support.AbstractAutowireCapableBeanFactory.doCreateBean(AbstractAutowireCapableBeanFactory.java:603)
	at org.springframework.beans.factory.support.AbstractAutowireCapableBeanFactory.createBean(AbstractAutowireCapableBeanFactory.java:525)
	at org.springframework.beans.factory.support.AbstractBeanFactory.lambda$doGetBean$0(AbstractBeanFactory.java:333)
	at org.springframework.beans.factory.support.DefaultSingletonBeanRegistry.getSingleton(DefaultSingletonBeanRegistry.java:371)
	at org.springframework.beans.factory.support.AbstractBeanFactory.doGetBean(AbstractBeanFactory.java:331)
	at org.springframework.beans.factory.support.AbstractBeanFactory.getBean(AbstractBeanFactory.java:196)
	at org.springframework.beans.factory.support.BeanDefinitionValueResolver.resolveReference(BeanDefinitionValueResolver.java:365)
	... 93 common frames omitted
Caused by: jakarta.persistence.PersistenceException: Unable to build Hibernate SessionFactory  [persistence unit: default] ; nested exception is org.hibernate.tool.schema.spi.SchemaManagementException: Schema validation: missing table [users]
	at org.springframework.orm.jpa.AbstractEntityManagerFactoryBean.buildNativeEntityManagerFactory(AbstractEntityManagerFactoryBean.java:448)
	at org.springframework.orm.jpa.AbstractEntityManagerFactoryBean.afterPropertiesSet(AbstractEntityManagerFactoryBean.java:411)
	at org.springframework.orm.jpa.LocalContainerEntityManagerFactoryBean.afterPropertiesSet(LocalContainerEntityManagerFactoryBean.java:419)
	at org.springframework.beans.factory.support.AbstractAutowireCapableBeanFactory.invokeInitMethods(AbstractAutowireCapableBeanFactory.java:1864)
	at org.springframework.beans.factory.support.AbstractAutowireCapableBeanFactory.initializeBean(AbstractAutowireCapableBeanFactory.java:1813)
	... 100 common frames omitted
Caused by: org.hibernate.tool.schema.spi.SchemaManagementException: Schema validation: missing table [users]
	at org.hibernate.tool.schema.internal.AbstractSchemaValidator.validateTable(AbstractSchemaValidator.java:121)
	at org.hibernate.tool.schema.internal.GroupedSchemaValidatorImpl.validateTables(GroupedSchemaValidatorImpl.java:42)
	at org.hibernate.tool.schema.internal.AbstractSchemaValidator.performValidation(AbstractSchemaValidator.java:90)
	at org.hibernate.tool.schema.internal.AbstractSchemaValidator.doValidation(AbstractSchemaValidator.java:68)
	at org.hibernate.tool.schema.spi.SchemaManagementToolCoordinator.performDatabaseAction(SchemaManagementToolCoordinator.java:278)
	at org.hibernate.tool.schema.spi.SchemaManagementToolCoordinator.lambda$process$1(SchemaManagementToolCoordinator.java:101)
	at java.base/java.util.HashMap.forEach(HashMap.java:1429)
	at org.hibernate.tool.schema.spi.SchemaManagementToolCoordinator.process(SchemaManagementToolCoordinator.java:100)
	at org.hibernate.boot.internal.SessionFactoryObserverForSchemaExport.sessionFactoryCreated(SessionFactoryObserverForSchemaExport.java:35)
	at org.hibernate.internal.SessionFactoryObserverChain.sessionFactoryCreated(SessionFactoryObserverChain.java:33)
	at org.hibernate.internal.SessionFactoryImpl.<init>(SessionFactoryImpl.java:323)
	at org.hibernate.internal.SessionFactoryRegistry.instantiateSessionFactory(SessionFactoryRegistry.java:64)
	at org.hibernate.boot.internal.SessionFactoryBuilderImpl.build(SessionFactoryBuilderImpl.java:437)
	at org.hibernate.jpa.boot.internal.EntityManagerFactoryBuilderImpl.build(EntityManagerFactoryBuilderImpl.java:1456)
	at org.springframework.orm.jpa.vendor.SpringHibernateJpaPersistenceProvider.createContainerEntityManagerFactory(SpringHibernateJpaPersistenceProvider.java:93)
	at org.springframework.orm.jpa.LocalContainerEntityManagerFactoryBean.createNativeEntityManagerFactory(LocalContainerEntityManagerFactoryBean.java:443)
	at org.springframework.orm.jpa.AbstractEntityManagerFactoryBean.buildNativeEntityManagerFactory(AbstractEntityManagerFactoryBean.java:436)
	... 104 common frames omitted
2026-06-05 10:01:52 - Starting SpringBootAppApplication using Java 21.0.2 with PID 6752 (D:\Talent_Java\IdeaProjects\spring-boot-app\build\classes\java\main started by LENOVO z in D:\Talent_Java\IdeaProjects\spring-boot-app)
2026-06-05 10:01:52 - No active profile set, falling back to 1 default profile: "default"
2026-06-05 10:01:54 - Bootstrapping Spring Data JPA repositories in DEFAULT mode.
2026-06-05 10:01:54 - Finished Spring Data repository scanning in 248 ms. Found 2 JPA repository interfaces.
2026-06-05 10:01:56 - Tomcat initialized with port 8080 (http)
2026-06-05 10:01:56 - Initializing ProtocolHandler ["http-nio-8080"]
2026-06-05 10:01:56 - Starting service [Tomcat]
2026-06-05 10:01:56 - Starting Servlet engine: [Apache Tomcat/11.0.21]
2026-06-05 10:01:56 - Root WebApplicationContext: initialization completed in 4013 ms
2026-06-05 10:01:57 - HikariPool-1 - Starting...
2026-06-05 10:01:58 - HikariPool-1 - Added connection com.mysql.cj.jdbc.ConnectionImpl@7ed8b44
2026-06-05 10:01:58 - HikariPool-1 - Start completed.
2026-06-05 10:01:58 - Database: jdbc:mysql://localhost:3306/atm_db (MySQL 8.0)
2026-06-05 10:01:59 - Successfully validated 1 migration (execution time 00:00.047s)
2026-06-05 10:01:59 - Current version of schema `atm_db`: 0
2026-06-05 10:01:59 - Schema `atm_db` is up to date. No migration necessary.
2026-06-05 10:01:59 - HHH008540: Processing PersistenceUnitInfo [name: default]
2026-06-05 10:01:59 - HHH000001: Hibernate ORM core version 7.2.12.Final
2026-06-05 10:02:00 - No LoadTimeWeaver setup: ignoring JPA class transformer
2026-06-05 10:02:00 - HHH10001005: Database info:
	Database JDBC URL [jdbc:mysql://localhost:3306/atm_db]
	Database driver: MySQL Connector/J
	Database dialect: MySQLDialect
	Database version: 8.0.39
	Default catalog/schema: atm_db/undefined
	Autocommit mode: undefined/unknown
	Isolation level: REPEATABLE_READ [default REPEATABLE_READ]
	JDBC fetch size: none
	Pool: DataSourceConnectionProvider
	Minimum pool size: undefined/unknown
	Maximum pool size: undefined/unknown
2026-06-05 10:02:02 - HHH000489: No JTA platform available (set 'hibernate.transaction.jta.platform' to enable JTA platform integration)
2026-06-05 10:02:02 - Initialized JPA EntityManagerFactory for persistence unit 'default'
2026-06-05 10:02:02 - Hibernate is in classpath; If applicable, HQL parser will be used.
2026-06-05 10:02:03 - spring.jpa.open-in-view is enabled by default. Therefore, database queries may be performed during view rendering. Explicitly configure spring.jpa.open-in-view to disable this warning
2026-06-05 10:02:03 - Global AuthenticationManager configured with UserDetailsService bean with name inMemoryUserDetailsManager
2026-06-05 10:02:04 - Adding welcome page template: index
2026-06-05 10:02:04 - Starting ProtocolHandler ["http-nio-8080"]
2026-06-05 10:02:04 - Tomcat started on port 8080 (http) with context path '/'
2026-06-05 10:02:04 - Started SpringBootAppApplication in 13.169 seconds (process running for 14.332)
2026-06-05 10:03:04 - Commencing graceful shutdown. Waiting for active requests to complete
2026-06-05 10:03:04 - Graceful shutdown complete
2026-06-05 10:03:04 - Closing JPA EntityManagerFactory for persistence unit 'default'
2026-06-05 10:03:04 - HikariPool-1 - Shutdown initiated...
2026-06-05 10:03:04 - HikariPool-1 - Shutdown completed.
2026-06-05 10:03:10 - Starting SpringBootAppApplication using Java 21.0.2 with PID 16804 (D:\Talent_Java\IdeaProjects\spring-boot-app\build\classes\java\main started by LENOVO z in D:\Talent_Java\IdeaProjects\spring-boot-app)
2026-06-05 10:03:10 - No active profile set, falling back to 1 default profile: "default"
2026-06-05 10:03:13 - Bootstrapping Spring Data JPA repositories in DEFAULT mode.
2026-06-05 10:03:13 - Finished Spring Data repository scanning in 162 ms. Found 2 JPA repository interfaces.
2026-06-05 10:03:15 - Tomcat initialized with port 8080 (http)
2026-06-05 10:03:15 - Initializing ProtocolHandler ["http-nio-8080"]
2026-06-05 10:03:15 - Starting service [Tomcat]
2026-06-05 10:03:15 - Starting Servlet engine: [Apache Tomcat/11.0.21]
2026-06-05 10:03:15 - Root WebApplicationContext: initialization completed in 4083 ms
2026-06-05 10:03:15 - HikariPool-1 - Starting...
2026-06-05 10:03:16 - HikariPool-1 - Added connection com.mysql.cj.jdbc.ConnectionImpl@995ad50
2026-06-05 10:03:16 - HikariPool-1 - Start completed.
2026-06-05 10:03:17 - Database: jdbc:mysql://localhost:3306/atm_db (MySQL 8.0)
2026-06-05 10:03:17 - Successfully validated 1 migration (execution time 00:00.055s)
2026-06-05 10:03:17 - Current version of schema `atm_db`: 0
2026-06-05 10:03:17 - Schema `atm_db` is up to date. No migration necessary.
2026-06-05 10:03:17 - HHH008540: Processing PersistenceUnitInfo [name: default]
2026-06-05 10:03:17 - HHH000001: Hibernate ORM core version 7.2.12.Final
2026-06-05 10:03:18 - No LoadTimeWeaver setup: ignoring JPA class transformer
2026-06-05 10:03:18 - HHH10001005: Database info:
	Database JDBC URL [jdbc:mysql://localhost:3306/atm_db]
	Database driver: MySQL Connector/J
	Database dialect: MySQLDialect
	Database version: 8.0.39
	Default catalog/schema: atm_db/undefined
	Autocommit mode: undefined/unknown
	Isolation level: REPEATABLE_READ [default REPEATABLE_READ]
	JDBC fetch size: none
	Pool: DataSourceConnectionProvider
	Minimum pool size: undefined/unknown
	Maximum pool size: undefined/unknown
2026-06-05 10:03:20 - HHH000489: No JTA platform available (set 'hibernate.transaction.jta.platform' to enable JTA platform integration)
2026-06-05 10:03:20 - Initialized JPA EntityManagerFactory for persistence unit 'default'
2026-06-05 10:03:20 - Hibernate is in classpath; If applicable, HQL parser will be used.
2026-06-05 10:03:21 - spring.jpa.open-in-view is enabled by default. Therefore, database queries may be performed during view rendering. Explicitly configure spring.jpa.open-in-view to disable this warning
2026-06-05 10:03:21 - Global AuthenticationManager configured with UserDetailsService bean with name inMemoryUserDetailsManager
2026-06-05 10:03:21 - Adding welcome page template: index
2026-06-05 10:03:22 - Starting ProtocolHandler ["http-nio-8080"]
2026-06-05 10:03:22 - Tomcat started on port 8080 (http) with context path '/'
2026-06-05 10:03:22 - Started SpringBootAppApplication in 12.863 seconds (process running for 14.038)
2026-06-05 10:03:36 - Initializing Spring DispatcherServlet 'dispatcherServlet'
2026-06-05 10:03:36 - Initializing Servlet 'dispatcherServlet'
2026-06-05 10:03:36 - Completed initialization in 1 ms
2026-06-05 10:03:37 - Reach Login controller
2026-06-05 10:03:45 - Fetching account by ID: 1
2026-06-05 10:03:51 - Deposit API. User: hnin@gmail.com, Amount: 10000
2026-06-05 10:04:16 - Registering new account for email: hninaye@gmail.com
2026-06-05 10:04:21 - Topup API. User: hnin@gmail.com, Amount: 1000
2026-06-05 10:04:32 - Transfer API. Sender: hnin@gmail.com, Receiver Phone: 0998989899
2026-06-05 10:07:09 - Commencing graceful shutdown. Waiting for active requests to complete
2026-06-05 10:07:09 - Graceful shutdown complete
2026-06-05 10:07:09 - Closing JPA EntityManagerFactory for persistence unit 'default'
2026-06-05 10:07:09 - HikariPool-1 - Shutdown initiated...
2026-06-05 10:07:09 - HikariPool-1 - Shutdown completed.
2026-06-05 10:07:14 - Starting SpringBootAppApplication using Java 21.0.2 with PID 23524 (D:\Talent_Java\IdeaProjects\spring-boot-app\build\classes\java\main started by LENOVO z in D:\Talent_Java\IdeaProjects\spring-boot-app)
2026-06-05 10:07:14 - No active profile set, falling back to 1 default profile: "default"
2026-06-05 10:07:16 - Bootstrapping Spring Data JPA repositories in DEFAULT mode.
2026-06-05 10:07:16 - Finished Spring Data repository scanning in 89 ms. Found 2 JPA repository interfaces.
2026-06-05 10:07:17 - Tomcat initialized with port 8080 (http)
2026-06-05 10:07:17 - Initializing ProtocolHandler ["http-nio-8080"]
2026-06-05 10:07:17 - Starting service [Tomcat]
2026-06-05 10:07:17 - Starting Servlet engine: [Apache Tomcat/11.0.21]
2026-06-05 10:07:17 - Root WebApplicationContext: initialization completed in 2284 ms
2026-06-05 10:07:17 - HikariPool-1 - Starting...
2026-06-05 10:07:18 - HikariPool-1 - Added connection com.mysql.cj.jdbc.ConnectionImpl@7ed8b44
2026-06-05 10:07:18 - HikariPool-1 - Start completed.
2026-06-05 10:07:18 - Database: jdbc:mysql://localhost:3306/atm_db (MySQL 8.0)
2026-06-05 10:07:18 - Successfully validated 1 migration (execution time 00:00.048s)
2026-06-05 10:07:18 - Current version of schema `atm_db`: 0
2026-06-05 10:07:18 - Schema `atm_db` is up to date. No migration necessary.
2026-06-05 10:07:18 - HHH008540: Processing PersistenceUnitInfo [name: default]
2026-06-05 10:07:19 - HHH000001: Hibernate ORM core version 7.2.12.Final
2026-06-05 10:07:19 - No LoadTimeWeaver setup: ignoring JPA class transformer
2026-06-05 10:07:19 - HHH10001005: Database info:
	Database JDBC URL [jdbc:mysql://localhost:3306/atm_db]
	Database driver: MySQL Connector/J
	Database dialect: MySQLDialect
	Database version: 8.0.39
	Default catalog/schema: atm_db/undefined
	Autocommit mode: undefined/unknown
	Isolation level: REPEATABLE_READ [default REPEATABLE_READ]
	JDBC fetch size: none
	Pool: DataSourceConnectionProvider
	Minimum pool size: undefined/unknown
	Maximum pool size: undefined/unknown
2026-06-05 10:07:21 - HHH000489: No JTA platform available (set 'hibernate.transaction.jta.platform' to enable JTA platform integration)
2026-06-05 10:07:21 - Initialized JPA EntityManagerFactory for persistence unit 'default'
2026-06-05 10:07:22 - Hibernate is in classpath; If applicable, HQL parser will be used.
2026-06-05 10:07:22 - spring.jpa.open-in-view is enabled by default. Therefore, database queries may be performed during view rendering. Explicitly configure spring.jpa.open-in-view to disable this warning
2026-06-05 10:07:22 - Global AuthenticationManager configured with UserDetailsService bean with name inMemoryUserDetailsManager
2026-06-05 10:07:22 - Adding welcome page template: index
2026-06-05 10:07:23 - Starting ProtocolHandler ["http-nio-8080"]
2026-06-05 10:07:23 - Tomcat started on port 8080 (http) with context path '/'
2026-06-05 10:07:23 - Started SpringBootAppApplication in 9.525 seconds (process running for 10.852)
2026-06-05 10:07:35 - Initializing Spring DispatcherServlet 'dispatcherServlet'
2026-06-05 10:07:35 - Initializing Servlet 'dispatcherServlet'
2026-06-05 10:07:35 - Completed initialization in 15 ms
2026-06-05 10:07:35 - Reach Login controller
2026-06-05 10:07:41 - Fetching account by ID: 1
2026-06-05 10:07:53 - Deposit API. User: hnin@gmail.com, Amount: 100000
2026-06-05 10:08:06 - Withdraw API. User: hnin@gmail.com, Amount: 200000
2026-06-05 10:08:13 - Topup API. User: hnin@gmail.com, Amount: 1000
2026-06-05 10:08:41 - Registering new account for email: aye@gmail.com
2026-06-05 10:09:35 - Commencing graceful shutdown. Waiting for active requests to complete
2026-06-05 10:09:35 - Graceful shutdown complete
2026-06-05 10:09:35 - Closing JPA EntityManagerFactory for persistence unit 'default'
2026-06-05 10:09:35 - HikariPool-1 - Shutdown initiated...
2026-06-05 10:09:35 - HikariPool-1 - Shutdown completed.
2026-06-05 10:09:41 - Starting SpringBootAppApplication using Java 21.0.2 with PID 13364 (D:\Talent_Java\IdeaProjects\spring-boot-app\build\classes\java\main started by LENOVO z in D:\Talent_Java\IdeaProjects\spring-boot-app)
2026-06-05 10:09:41 - No active profile set, falling back to 1 default profile: "default"
2026-06-05 10:09:42 - Bootstrapping Spring Data JPA repositories in DEFAULT mode.
2026-06-05 10:09:42 - Finished Spring Data repository scanning in 89 ms. Found 2 JPA repository interfaces.
2026-06-05 10:09:43 - Tomcat initialized with port 8080 (http)
2026-06-05 10:09:43 - Initializing ProtocolHandler ["http-nio-8080"]
2026-06-05 10:09:43 - Starting service [Tomcat]
2026-06-05 10:09:43 - Starting Servlet engine: [Apache Tomcat/11.0.21]
2026-06-05 10:09:43 - Root WebApplicationContext: initialization completed in 2156 ms
2026-06-05 10:09:44 - HikariPool-1 - Starting...
2026-06-05 10:09:44 - HikariPool-1 - Added connection com.mysql.cj.jdbc.ConnectionImpl@7ed8b44
2026-06-05 10:09:44 - HikariPool-1 - Start completed.
2026-06-05 10:09:44 - Database: jdbc:mysql://localhost:3306/atm_db (MySQL 8.0)
2026-06-05 10:09:44 - Successfully validated 1 migration (execution time 00:00.050s)
2026-06-05 10:09:44 - Current version of schema `atm_db`: 0
2026-06-05 10:09:44 - Schema `atm_db` is up to date. No migration necessary.
2026-06-05 10:09:45 - HHH008540: Processing PersistenceUnitInfo [name: default]
2026-06-05 10:09:45 - HHH000001: Hibernate ORM core version 7.2.12.Final
2026-06-05 10:09:46 - No LoadTimeWeaver setup: ignoring JPA class transformer
2026-06-05 10:09:46 - HHH10001005: Database info:
	Database JDBC URL [jdbc:mysql://localhost:3306/atm_db]
	Database driver: MySQL Connector/J
	Database dialect: MySQLDialect
	Database version: 8.0.39
	Default catalog/schema: atm_db/undefined
	Autocommit mode: undefined/unknown
	Isolation level: REPEATABLE_READ [default REPEATABLE_READ]
	JDBC fetch size: none
	Pool: DataSourceConnectionProvider
	Minimum pool size: undefined/unknown
	Maximum pool size: undefined/unknown
2026-06-05 10:09:47 - HHH000489: No JTA platform available (set 'hibernate.transaction.jta.platform' to enable JTA platform integration)
2026-06-05 10:09:47 - Initialized JPA EntityManagerFactory for persistence unit 'default'
2026-06-05 10:09:47 - Hibernate is in classpath; If applicable, HQL parser will be used.
2026-06-05 10:09:48 - spring.jpa.open-in-view is enabled by default. Therefore, database queries may be performed during view rendering. Explicitly configure spring.jpa.open-in-view to disable this warning
2026-06-05 10:09:48 - Global AuthenticationManager configured with UserDetailsService bean with name inMemoryUserDetailsManager
2026-06-05 10:09:48 - Adding welcome page template: index
2026-06-05 10:09:49 - Starting ProtocolHandler ["http-nio-8080"]
2026-06-05 10:09:49 - Tomcat started on port 8080 (http) with context path '/'
2026-06-05 10:09:49 - Started SpringBootAppApplication in 9.078 seconds (process running for 9.998)
2026-06-05 10:10:00 - Initializing Spring DispatcherServlet 'dispatcherServlet'
2026-06-05 10:10:00 - Initializing Servlet 'dispatcherServlet'
2026-06-05 10:10:00 - Completed initialization in 2 ms
2026-06-05 10:10:01 - Reach Login controller
2026-06-05 10:10:12 - Transfer API. Sender: hnin@gmail.com, Receiver Phone: 098787878
2026-06-05 10:10:23 - Commencing graceful shutdown. Waiting for active requests to complete
2026-06-05 10:10:23 - Graceful shutdown complete
2026-06-05 10:10:23 - Closing JPA EntityManagerFactory for persistence unit 'default'
2026-06-05 10:10:23 - HikariPool-1 - Shutdown initiated...
2026-06-05 10:10:23 - HikariPool-1 - Shutdown completed.
2026-06-05 10:30:33 - Starting SpringBootAppApplication using Java 21.0.2 with PID 12604 (D:\Talent_Java\IdeaProjects\spring-boot-app\build\classes\java\main started by LENOVO z in D:\Talent_Java\IdeaProjects\spring-boot-app)
2026-06-05 10:30:33 - No active profile set, falling back to 1 default profile: "default"
2026-06-05 10:30:34 - Bootstrapping Spring Data JPA repositories in DEFAULT mode.
2026-06-05 10:30:34 - Finished Spring Data repository scanning in 90 ms. Found 2 JPA repository interfaces.
2026-06-05 10:30:35 - Tomcat initialized with port 8080 (http)
2026-06-05 10:30:35 - Initializing ProtocolHandler ["http-nio-8080"]
2026-06-05 10:30:35 - Starting service [Tomcat]
2026-06-05 10:30:35 - Starting Servlet engine: [Apache Tomcat/11.0.21]
2026-06-05 10:30:35 - Root WebApplicationContext: initialization completed in 2240 ms
2026-06-05 10:30:36 - HikariPool-1 - Starting...
2026-06-05 10:30:36 - HikariPool-1 - Added connection com.mysql.cj.jdbc.ConnectionImpl@7ed8b44
2026-06-05 10:30:36 - HikariPool-1 - Start completed.
2026-06-05 10:30:36 - Database: jdbc:mysql://localhost:3306/atm_db (MySQL 8.0)
2026-06-05 10:30:36 - Successfully validated 1 migration (execution time 00:00.044s)
2026-06-05 10:30:36 - Current version of schema `atm_db`: 0
2026-06-05 10:30:36 - Schema `atm_db` is up to date. No migration necessary.
2026-06-05 10:30:37 - HHH008540: Processing PersistenceUnitInfo [name: default]
2026-06-05 10:30:37 - HHH000001: Hibernate ORM core version 7.2.12.Final
2026-06-05 10:30:38 - No LoadTimeWeaver setup: ignoring JPA class transformer
2026-06-05 10:30:38 - HHH10001005: Database info:
	Database JDBC URL [jdbc:mysql://localhost:3306/atm_db]
	Database driver: MySQL Connector/J
	Database dialect: MySQLDialect
	Database version: 8.0.39
	Default catalog/schema: atm_db/undefined
	Autocommit mode: undefined/unknown
	Isolation level: REPEATABLE_READ [default REPEATABLE_READ]
	JDBC fetch size: none
	Pool: DataSourceConnectionProvider
	Minimum pool size: undefined/unknown
	Maximum pool size: undefined/unknown
2026-06-05 10:30:40 - HHH000489: No JTA platform available (set 'hibernate.transaction.jta.platform' to enable JTA platform integration)
2026-06-05 10:30:40 - Initialized JPA EntityManagerFactory for persistence unit 'default'
2026-06-05 10:30:40 - Hibernate is in classpath; If applicable, HQL parser will be used.
2026-06-05 10:30:40 - spring.jpa.open-in-view is enabled by default. Therefore, database queries may be performed during view rendering. Explicitly configure spring.jpa.open-in-view to disable this warning
2026-06-05 10:30:40 - Global AuthenticationManager configured with UserDetailsService bean with name inMemoryUserDetailsManager
2026-06-05 10:30:41 - Adding welcome page template: index
2026-06-05 10:30:41 - Starting ProtocolHandler ["http-nio-8080"]
2026-06-05 10:30:41 - Tomcat started on port 8080 (http) with context path '/'
2026-06-05 10:30:41 - Started SpringBootAppApplication in 9.337 seconds (process running for 10.294)
2026-06-05 10:30:51 - Initializing Spring DispatcherServlet 'dispatcherServlet'
2026-06-05 10:30:51 - Initializing Servlet 'dispatcherServlet'
2026-06-05 10:30:51 - Completed initialization in 99 ms
2026-06-05 10:30:51 - Reach Login controller
2026-06-05 10:31:03 - Fetching account by ID: 1
2026-06-05 10:31:13 - Deposit API. User: hnin@gmail.com, Amount: 100000
2026-06-05 10:31:33 - Registering new account for email: ayeaye@gmail.com
2026-06-05 10:31:34 - HHH000247: ErrorCode: 1062, SQLState: 23000
2026-06-05 10:31:34 - Duplicate entry '098787878' for key 'account.UKg4b37bcdq6mmqdp3p67qoatc'
2026-06-05 10:31:42 - Registering new account for email: ayeaye@gmail.com
2026-06-05 10:31:52 - Transfer API. Sender: hnin@gmail.com, Receiver Phone: 0987878788
2026-06-05 10:32:10 - Reach Login controller
2026-06-05 10:32:15 - Transfer API. Sender: hnin@gmail.com, Receiver Phone: 0987878788
2026-06-05 10:32:27 - Withdraw API. User: hnin@gmail.com, Amount: 300000
2026-06-05 10:32:34 - Withdraw API. User: hnin@gmail.com, Amount: 200000
2026-06-05 10:34:09 - Registering new account for email: admin@gmail.com
2026-06-05 10:36:27 - Reach Login controller
2026-06-05 10:36:33 - Reach Login controller
2026-06-05 10:37:14 - Commencing graceful shutdown. Waiting for active requests to complete
2026-06-05 10:37:14 - Graceful shutdown complete
2026-06-05 10:37:14 - Closing JPA EntityManagerFactory for persistence unit 'default'
2026-06-05 10:37:14 - HikariPool-1 - Shutdown initiated...
2026-06-05 10:37:14 - HikariPool-1 - Shutdown completed.
2026-06-05 10:37:55 - Starting SpringBootAppApplication using Java 21.0.2 with PID 23484 (D:\Talent_Java\IdeaProjects\spring-boot-app\build\classes\java\main started by LENOVO z in D:\Talent_Java\IdeaProjects\spring-boot-app)
2026-06-05 10:37:55 - No active profile set, falling back to 1 default profile: "default"
2026-06-05 10:37:56 - Bootstrapping Spring Data JPA repositories in DEFAULT mode.
2026-06-05 10:37:56 - Finished Spring Data repository scanning in 90 ms. Found 2 JPA repository interfaces.
2026-06-05 10:37:57 - Tomcat initialized with port 8080 (http)
2026-06-05 10:37:57 - Initializing ProtocolHandler ["http-nio-8080"]
2026-06-05 10:37:57 - Starting service [Tomcat]
2026-06-05 10:37:57 - Starting Servlet engine: [Apache Tomcat/11.0.21]
2026-06-05 10:37:57 - Root WebApplicationContext: initialization completed in 2385 ms
2026-06-05 10:37:58 - HikariPool-1 - Starting...
2026-06-05 10:37:58 - HikariPool-1 - Added connection com.mysql.cj.jdbc.ConnectionImpl@7ed8b44
2026-06-05 10:37:58 - HikariPool-1 - Start completed.
2026-06-05 10:37:58 - Database: jdbc:mysql://localhost:3306/atm_db (MySQL 8.0)
2026-06-05 10:37:58 - Successfully validated 1 migration (execution time 00:00.047s)
2026-06-05 10:37:58 - Current version of schema `atm_db`: 0
2026-06-05 10:37:58 - Schema `atm_db` is up to date. No migration necessary.
2026-06-05 10:37:59 - HHH008540: Processing PersistenceUnitInfo [name: default]
2026-06-05 10:37:59 - HHH000001: Hibernate ORM core version 7.2.12.Final
2026-06-05 10:38:00 - No LoadTimeWeaver setup: ignoring JPA class transformer
2026-06-05 10:38:00 - HHH10001005: Database info:
	Database JDBC URL [jdbc:mysql://localhost:3306/atm_db]
	Database driver: MySQL Connector/J
	Database dialect: MySQLDialect
	Database version: 8.0.39
	Default catalog/schema: atm_db/undefined
	Autocommit mode: undefined/unknown
	Isolation level: REPEATABLE_READ [default REPEATABLE_READ]
	JDBC fetch size: none
	Pool: DataSourceConnectionProvider
	Minimum pool size: undefined/unknown
	Maximum pool size: undefined/unknown
2026-06-05 10:38:01 - HHH000489: No JTA platform available (set 'hibernate.transaction.jta.platform' to enable JTA platform integration)
2026-06-05 10:38:01 - Initialized JPA EntityManagerFactory for persistence unit 'default'
2026-06-05 10:38:02 - Hibernate is in classpath; If applicable, HQL parser will be used.
2026-06-05 10:38:02 - spring.jpa.open-in-view is enabled by default. Therefore, database queries may be performed during view rendering. Explicitly configure spring.jpa.open-in-view to disable this warning
2026-06-05 10:38:02 - Global AuthenticationManager configured with UserDetailsService bean with name inMemoryUserDetailsManager
2026-06-05 10:38:02 - Adding welcome page template: index
2026-06-05 10:38:03 - Starting ProtocolHandler ["http-nio-8080"]
2026-06-05 10:38:03 - Tomcat started on port 8080 (http) with context path '/'
2026-06-05 10:38:03 - Started SpringBootAppApplication in 9.431 seconds (process running for 10.451)
2026-06-05 10:38:27 - Initializing Spring DispatcherServlet 'dispatcherServlet'
2026-06-05 10:38:27 - Initializing Servlet 'dispatcherServlet'
2026-06-05 10:38:27 - Completed initialization in 2 ms
2026-06-05 10:38:28 - Registering new account for email: admin12@gmail.com
2026-06-05 10:38:57 - Reach Login controller
2026-06-05 10:39:10 - Reach Login controller
2026-06-05 10:39:56 - Commencing graceful shutdown. Waiting for active requests to complete
2026-06-05 10:39:56 - Graceful shutdown complete
2026-06-05 10:39:56 - Closing JPA EntityManagerFactory for persistence unit 'default'
2026-06-05 10:39:56 - HikariPool-1 - Shutdown initiated...
2026-06-05 10:39:56 - HikariPool-1 - Shutdown completed.
2026-06-05 13:27:04 - Starting SpringBootAppApplication using Java 21.0.2 with PID 16308 (D:\Talent_Java\IdeaProjects\spring-boot-app\build\classes\java\main started by LENOVO z in D:\Talent_Java\IdeaProjects\spring-boot-app)
2026-06-05 13:27:04 - No active profile set, falling back to 1 default profile: "default"
2026-06-05 13:27:05 - Bootstrapping Spring Data JPA repositories in DEFAULT mode.
2026-06-05 13:27:05 - Finished Spring Data repository scanning in 94 ms. Found 2 JPA repository interfaces.
2026-06-05 13:27:06 - Tomcat initialized with port 8080 (http)
2026-06-05 13:27:06 - Initializing ProtocolHandler ["http-nio-8080"]
2026-06-05 13:27:06 - Starting service [Tomcat]
2026-06-05 13:27:06 - Starting Servlet engine: [Apache Tomcat/11.0.21]
2026-06-05 13:27:06 - Root WebApplicationContext: initialization completed in 2753 ms
2026-06-05 13:27:07 - HikariPool-1 - Starting...
2026-06-05 13:27:08 - HikariPool-1 - Added connection com.mysql.cj.jdbc.ConnectionImpl@7ed8b44
2026-06-05 13:27:08 - HikariPool-1 - Start completed.
2026-06-05 13:27:08 - Database: jdbc:mysql://localhost:3306/atm_db (MySQL 8.0)
2026-06-05 13:27:09 - Successfully validated 1 migration (execution time 00:00.062s)
2026-06-05 13:27:09 - Current version of schema `atm_db`: 0
2026-06-05 13:27:09 - Schema `atm_db` is up to date. No migration necessary.
2026-06-05 13:27:09 - HHH008540: Processing PersistenceUnitInfo [name: default]
2026-06-05 13:27:09 - HHH000001: Hibernate ORM core version 7.2.12.Final
2026-06-05 13:27:10 - No LoadTimeWeaver setup: ignoring JPA class transformer
2026-06-05 13:27:10 - HHH10001005: Database info:
	Database JDBC URL [jdbc:mysql://localhost:3306/atm_db]
	Database driver: MySQL Connector/J
	Database dialect: MySQLDialect
	Database version: 8.0.39
	Default catalog/schema: atm_db/undefined
	Autocommit mode: undefined/unknown
	Isolation level: REPEATABLE_READ [default REPEATABLE_READ]
	JDBC fetch size: none
	Pool: DataSourceConnectionProvider
	Minimum pool size: undefined/unknown
	Maximum pool size: undefined/unknown
2026-06-05 13:27:12 - HHH000489: No JTA platform available (set 'hibernate.transaction.jta.platform' to enable JTA platform integration)
2026-06-05 13:27:12 - Initialized JPA EntityManagerFactory for persistence unit 'default'
2026-06-05 13:27:12 - Hibernate is in classpath; If applicable, HQL parser will be used.
2026-06-05 13:27:12 - spring.jpa.open-in-view is enabled by default. Therefore, database queries may be performed during view rendering. Explicitly configure spring.jpa.open-in-view to disable this warning
2026-06-05 13:27:13 - Global AuthenticationManager configured with UserDetailsService bean with name inMemoryUserDetailsManager
2026-06-05 13:27:13 - Adding welcome page template: index
2026-06-05 13:27:14 - Starting ProtocolHandler ["http-nio-8080"]
2026-06-05 13:27:14 - Tomcat started on port 8080 (http) with context path '/'
2026-06-05 13:27:14 - Started SpringBootAppApplication in 12.496 seconds (process running for 14.114)
2026-06-05 14:56:35 - Commencing graceful shutdown. Waiting for active requests to complete
2026-06-05 14:56:35 - Graceful shutdown complete
2026-06-05 14:56:35 - Closing JPA EntityManagerFactory for persistence unit 'default'
2026-06-05 14:56:35 - HikariPool-1 - Shutdown initiated...
2026-06-05 14:56:36 - HikariPool-1 - Shutdown completed.
2026-06-05 14:56:56 - Starting SpringBootAppApplication using Java 21.0.2 with PID 20012 (D:\Talent_Java\IdeaProjects\spring-boot-app\build\classes\java\main started by LENOVO z in D:\Talent_Java\IdeaProjects\spring-boot-app)
2026-06-05 14:56:56 - No active profile set, falling back to 1 default profile: "default"
2026-06-05 14:56:57 - Bootstrapping Spring Data JPA repositories in DEFAULT mode.
2026-06-05 14:56:57 - Finished Spring Data repository scanning in 91 ms. Found 2 JPA repository interfaces.
2026-06-05 14:56:58 - Tomcat initialized with port 8080 (http)
2026-06-05 14:56:58 - Initializing ProtocolHandler ["http-nio-8080"]
2026-06-05 14:56:58 - Starting service [Tomcat]
2026-06-05 14:56:58 - Starting Servlet engine: [Apache Tomcat/11.0.21]
2026-06-05 14:56:58 - Root WebApplicationContext: initialization completed in 2441 ms
2026-06-05 14:56:59 - HikariPool-1 - Starting...
2026-06-05 14:57:00 - HikariPool-1 - Added connection com.mysql.cj.jdbc.ConnectionImpl@7ed8b44
2026-06-05 14:57:00 - HikariPool-1 - Start completed.
2026-06-05 14:57:00 - Database: jdbc:mysql://localhost:3306/atm_db (MySQL 8.0)
2026-06-05 14:57:00 - Successfully validated 1 migration (execution time 00:00.069s)
2026-06-05 14:57:00 - Current version of schema `atm_db`: 0
2026-06-05 14:57:00 - Schema `atm_db` is up to date. No migration necessary.
2026-06-05 14:57:00 - HHH008540: Processing PersistenceUnitInfo [name: default]
2026-06-05 14:57:00 - HHH000001: Hibernate ORM core version 7.2.12.Final
2026-06-05 14:57:01 - No LoadTimeWeaver setup: ignoring JPA class transformer
2026-06-05 14:57:01 - HHH10001005: Database info:
	Database JDBC URL [jdbc:mysql://localhost:3306/atm_db]
	Database driver: MySQL Connector/J
	Database dialect: MySQLDialect
	Database version: 8.0.39
	Default catalog/schema: atm_db/undefined
	Autocommit mode: undefined/unknown
	Isolation level: REPEATABLE_READ [default REPEATABLE_READ]
	JDBC fetch size: none
	Pool: DataSourceConnectionProvider
	Minimum pool size: undefined/unknown
	Maximum pool size: undefined/unknown
2026-06-05 14:57:03 - HHH000489: No JTA platform available (set 'hibernate.transaction.jta.platform' to enable JTA platform integration)
2026-06-05 14:57:03 - Initialized JPA EntityManagerFactory for persistence unit 'default'
2026-06-05 14:57:03 - Hibernate is in classpath; If applicable, HQL parser will be used.
2026-06-05 14:57:04 - spring.jpa.open-in-view is enabled by default. Therefore, database queries may be performed during view rendering. Explicitly configure spring.jpa.open-in-view to disable this warning
2026-06-05 14:57:04 - Global AuthenticationManager configured with UserDetailsService bean with name inMemoryUserDetailsManager
2026-06-05 14:57:04 - Adding welcome page template: index
2026-06-05 14:57:05 - Starting ProtocolHandler ["http-nio-8080"]
2026-06-05 14:57:05 - Tomcat started on port 8080 (http) with context path '/'
2026-06-05 14:57:05 - Started SpringBootAppApplication in 10.009 seconds (process running for 11.261)
2026-06-05 15:03:47 - Commencing graceful shutdown. Waiting for active requests to complete
2026-06-05 15:03:47 - Graceful shutdown complete
2026-06-05 15:03:47 - Closing JPA EntityManagerFactory for persistence unit 'default'
2026-06-05 15:03:47 - HikariPool-1 - Shutdown initiated...
2026-06-05 15:03:47 - HikariPool-1 - Shutdown completed.
2026-06-05 15:03:59 - Starting SpringBootAppApplication using Java 21.0.2 with PID 16552 (D:\Talent_Java\IdeaProjects\spring-boot-app\build\classes\java\main started by LENOVO z in D:\Talent_Java\IdeaProjects\spring-boot-app)
2026-06-05 15:03:59 - No active profile set, falling back to 1 default profile: "default"
2026-06-05 15:04:00 - Bootstrapping Spring Data JPA repositories in DEFAULT mode.
2026-06-05 15:04:00 - Finished Spring Data repository scanning in 150 ms. Found 2 JPA repository interfaces.
2026-06-05 15:04:01 - Tomcat initialized with port 8080 (http)
2026-06-05 15:04:01 - Initializing ProtocolHandler ["http-nio-8080"]
2026-06-05 15:04:01 - Starting service [Tomcat]
2026-06-05 15:04:01 - Starting Servlet engine: [Apache Tomcat/11.0.21]
2026-06-05 15:04:02 - Root WebApplicationContext: initialization completed in 2510 ms
2026-06-05 15:04:02 - HikariPool-1 - Starting...
2026-06-05 15:04:03 - HikariPool-1 - Added connection com.mysql.cj.jdbc.ConnectionImpl@6dd20ec9
2026-06-05 15:04:03 - HikariPool-1 - Start completed.
2026-06-05 15:04:03 - Database: jdbc:mysql://localhost:3306/atm_db (MySQL 8.0)
2026-06-05 15:04:03 - Schema history table `atm_db`.`flyway_schema_history` does not exist yet
2026-06-05 15:04:03 - Successfully validated 0 migrations (execution time 00:00.037s)
2026-06-05 15:04:03 - No migrations found. Are your locations set up correctly?
2026-06-05 15:04:04 - Creating Schema History table `atm_db`.`flyway_schema_history` with baseline ...
2026-06-05 15:04:04 - Successfully baselined schema with version: 0
2026-06-05 15:04:04 - Current version of schema `atm_db`: 0
2026-06-05 15:04:04 - Schema `atm_db` is up to date. No migration necessary.
2026-06-05 15:04:05 - HHH008540: Processing PersistenceUnitInfo [name: default]
2026-06-05 15:04:05 - HHH000001: Hibernate ORM core version 7.2.12.Final
2026-06-05 15:04:05 - No LoadTimeWeaver setup: ignoring JPA class transformer
2026-06-05 15:04:06 - HHH10001005: Database info:
	Database JDBC URL [jdbc:mysql://localhost:3306/atm_db]
	Database driver: MySQL Connector/J
	Database dialect: MySQLDialect
	Database version: 8.0.39
	Default catalog/schema: atm_db/undefined
	Autocommit mode: undefined/unknown
	Isolation level: REPEATABLE_READ [default REPEATABLE_READ]
	JDBC fetch size: none
	Pool: DataSourceConnectionProvider
	Minimum pool size: undefined/unknown
	Maximum pool size: undefined/unknown
2026-06-05 15:04:08 - HHH000489: No JTA platform available (set 'hibernate.transaction.jta.platform' to enable JTA platform integration)
2026-06-05 15:04:10 - Initialized JPA EntityManagerFactory for persistence unit 'default'
2026-06-05 15:04:10 - Hibernate is in classpath; If applicable, HQL parser will be used.
2026-06-05 15:04:10 - spring.jpa.open-in-view is enabled by default. Therefore, database queries may be performed during view rendering. Explicitly configure spring.jpa.open-in-view to disable this warning
2026-06-05 15:04:11 - Global AuthenticationManager configured with UserDetailsService bean with name inMemoryUserDetailsManager
2026-06-05 15:04:11 - Adding welcome page template: index
2026-06-05 15:04:11 - Starting ProtocolHandler ["http-nio-8080"]
2026-06-05 15:04:11 - Tomcat started on port 8080 (http) with context path '/'
2026-06-05 15:04:11 - Started SpringBootAppApplication in 13.434 seconds (process running for 14.699)
2026-06-05 15:04:39 - Commencing graceful shutdown. Waiting for active requests to complete
2026-06-05 15:04:39 - Graceful shutdown complete
2026-06-05 15:04:39 - Closing JPA EntityManagerFactory for persistence unit 'default'
2026-06-05 15:04:39 - HikariPool-1 - Shutdown initiated...
2026-06-05 15:04:39 - HikariPool-1 - Shutdown completed.
2026-06-05 15:04:44 - Starting SpringBootAppApplication using Java 21.0.2 with PID 17148 (D:\Talent_Java\IdeaProjects\spring-boot-app\build\classes\java\main started by LENOVO z in D:\Talent_Java\IdeaProjects\spring-boot-app)
2026-06-05 15:04:44 - No active profile set, falling back to 1 default profile: "default"
2026-06-05 15:04:46 - Bootstrapping Spring Data JPA repositories in DEFAULT mode.
2026-06-05 15:04:46 - Finished Spring Data repository scanning in 117 ms. Found 2 JPA repository interfaces.
2026-06-05 15:04:47 - Tomcat initialized with port 8080 (http)
2026-06-05 15:04:47 - Initializing ProtocolHandler ["http-nio-8080"]
2026-06-05 15:04:47 - Starting service [Tomcat]
2026-06-05 15:04:47 - Starting Servlet engine: [Apache Tomcat/11.0.21]
2026-06-05 15:04:47 - Root WebApplicationContext: initialization completed in 2887 ms
2026-06-05 15:04:48 - HikariPool-1 - Starting...
2026-06-05 15:04:49 - HikariPool-1 - Added connection com.mysql.cj.jdbc.ConnectionImpl@6dd20ec9
2026-06-05 15:04:49 - HikariPool-1 - Start completed.
2026-06-05 15:04:49 - Database: jdbc:mysql://localhost:3306/atm_db (MySQL 8.0)
2026-06-05 15:04:49 - Successfully validated 1 migration (execution time 00:00.044s)
2026-06-05 15:04:49 - Current version of schema `atm_db`: 0
2026-06-05 15:04:49 - Schema `atm_db` is up to date. No migration necessary.
2026-06-05 15:04:49 - HHH008540: Processing PersistenceUnitInfo [name: default]
2026-06-05 15:04:49 - HHH000001: Hibernate ORM core version 7.2.12.Final
2026-06-05 15:04:50 - No LoadTimeWeaver setup: ignoring JPA class transformer
2026-06-05 15:04:50 - HHH10001005: Database info:
	Database JDBC URL [jdbc:mysql://localhost:3306/atm_db]
	Database driver: MySQL Connector/J
	Database dialect: MySQLDialect
	Database version: 8.0.39
	Default catalog/schema: atm_db/undefined
	Autocommit mode: undefined/unknown
	Isolation level: REPEATABLE_READ [default REPEATABLE_READ]
	JDBC fetch size: none
	Pool: DataSourceConnectionProvider
	Minimum pool size: undefined/unknown
	Maximum pool size: undefined/unknown
2026-06-05 15:04:52 - HHH000489: No JTA platform available (set 'hibernate.transaction.jta.platform' to enable JTA platform integration)
2026-06-05 15:04:52 - Initialized JPA EntityManagerFactory for persistence unit 'default'
2026-06-05 15:04:52 - Hibernate is in classpath; If applicable, HQL parser will be used.
2026-06-05 15:04:53 - spring.jpa.open-in-view is enabled by default. Therefore, database queries may be performed during view rendering. Explicitly configure spring.jpa.open-in-view to disable this warning
2026-06-05 15:04:53 - Global AuthenticationManager configured with UserDetailsService bean with name inMemoryUserDetailsManager
2026-06-05 15:04:53 - Adding welcome page template: index
2026-06-05 15:04:54 - Starting ProtocolHandler ["http-nio-8080"]
2026-06-05 15:04:54 - Tomcat started on port 8080 (http) with context path '/'
2026-06-05 15:04:54 - Started SpringBootAppApplication in 10.308 seconds (process running for 11.408)
2026-06-05 15:05:19 - Initializing Spring DispatcherServlet 'dispatcherServlet'
2026-06-05 15:05:19 - Initializing Servlet 'dispatcherServlet'
2026-06-05 15:05:19 - Completed initialization in 2 ms
2026-06-05 15:05:20 - Registering new account for email: hnin@gmail.com
2026-06-05 15:05:31 - Registering new account for email: admin12@gmail.com
2026-06-05 15:05:43 - Reach Login controller
2026-06-05 15:05:45 - ResponseStatusException at com.talent.java.batch11.springbootapp.serviceImpl.AccountServiceImpl.handleLoginRequest (Line:157): Invalid email or password (400 BAD_REQUEST)
2026-06-05 15:05:58 - Reach Login controller
2026-06-05 15:07:26 - Reach Login controller
2026-06-05 15:08:27 - Reach Login controller
2026-06-05 15:09:13 - Reach Login controller
2026-06-05 15:09:19 - Reach Login controller
2026-06-05 15:14:36 - Commencing graceful shutdown. Waiting for active requests to complete
2026-06-05 15:14:36 - Graceful shutdown complete
2026-06-05 15:14:36 - Closing JPA EntityManagerFactory for persistence unit 'default'
2026-06-05 15:14:36 - HikariPool-1 - Shutdown initiated...
2026-06-05 15:14:36 - HikariPool-1 - Shutdown completed.
2026-06-05 15:14:53 - Starting SpringBootAppApplication using Java 21.0.2 with PID 18280 (D:\Talent_Java\IdeaProjects\spring-boot-app\build\classes\java\main started by LENOVO z in D:\Talent_Java\IdeaProjects\spring-boot-app)
2026-06-05 15:14:53 - No active profile set, falling back to 1 default profile: "default"
2026-06-05 15:14:55 - Bootstrapping Spring Data JPA repositories in DEFAULT mode.
2026-06-05 15:14:55 - Finished Spring Data repository scanning in 124 ms. Found 2 JPA repository interfaces.
2026-06-05 15:14:57 - Tomcat initialized with port 8080 (http)
2026-06-05 15:14:57 - Initializing ProtocolHandler ["http-nio-8080"]
2026-06-05 15:14:57 - Starting service [Tomcat]
2026-06-05 15:14:57 - Starting Servlet engine: [Apache Tomcat/11.0.21]
2026-06-05 15:14:57 - Root WebApplicationContext: initialization completed in 3282 ms
2026-06-05 15:14:58 - HikariPool-1 - Starting...
2026-06-05 15:14:59 - HikariPool-1 - Added connection com.mysql.cj.jdbc.ConnectionImpl@603f4e3e
2026-06-05 15:14:59 - HikariPool-1 - Start completed.
2026-06-05 15:15:00 - Database: jdbc:mysql://localhost:3306/atm_db (MySQL 8.0)
2026-06-05 15:15:00 - Successfully validated 1 migration (execution time 00:00.085s)
2026-06-05 15:15:00 - Current version of schema `atm_db`: 0
2026-06-05 15:15:00 - Schema `atm_db` is up to date. No migration necessary.
2026-06-05 15:15:00 - HHH008540: Processing PersistenceUnitInfo [name: default]
2026-06-05 15:15:00 - HHH000001: Hibernate ORM core version 7.2.12.Final
2026-06-05 15:15:02 - No LoadTimeWeaver setup: ignoring JPA class transformer
2026-06-05 15:15:02 - HHH10001005: Database info:
	Database JDBC URL [jdbc:mysql://localhost:3306/atm_db]
	Database driver: MySQL Connector/J
	Database dialect: MySQLDialect
	Database version: 8.0.39
	Default catalog/schema: atm_db/undefined
	Autocommit mode: undefined/unknown
	Isolation level: REPEATABLE_READ [default REPEATABLE_READ]
	JDBC fetch size: none
	Pool: DataSourceConnectionProvider
	Minimum pool size: undefined/unknown
	Maximum pool size: undefined/unknown
2026-06-05 15:15:05 - HHH000489: No JTA platform available (set 'hibernate.transaction.jta.platform' to enable JTA platform integration)
2026-06-05 15:15:05 - Initialized JPA EntityManagerFactory for persistence unit 'default'
2026-06-05 15:15:05 - Hibernate is in classpath; If applicable, HQL parser will be used.
2026-06-05 15:15:06 - spring.jpa.open-in-view is enabled by default. Therefore, database queries may be performed during view rendering. Explicitly configure spring.jpa.open-in-view to disable this warning
2026-06-05 15:15:06 - Global AuthenticationManager configured with UserDetailsService bean with name inMemoryUserDetailsManager
2026-06-05 15:15:07 - Adding welcome page template: index
2026-06-05 15:15:08 - Starting ProtocolHandler ["http-nio-8080"]
2026-06-05 15:15:08 - Tomcat started on port 8080 (http) with context path '/'
2026-06-05 15:15:08 - Started SpringBootAppApplication in 16.398 seconds (process running for 18.299)
2026-06-05 15:15:15 - Initializing Spring DispatcherServlet 'dispatcherServlet'
2026-06-05 15:15:15 - Initializing Servlet 'dispatcherServlet'
2026-06-05 15:15:15 - Completed initialization in 4 ms
2026-06-05 15:15:15 - Reach Login controller
2026-06-05 15:17:20 - Reach Login controller
2026-06-05 15:17:20 - ResponseStatusException at com.talent.java.batch11.springbootapp.serviceImpl.AccountServiceImpl.handleLoginRequest (Line:157): Invalid email or password (400 BAD_REQUEST)
2026-06-05 15:17:48 - Reach Login controller
2026-06-05 15:17:48 - ResponseStatusException at com.talent.java.batch11.springbootapp.serviceImpl.AccountServiceImpl.handleLoginRequest (Line:157): Invalid email or password (400 BAD_REQUEST)
2026-06-05 15:18:07 - Reach Login controller
2026-06-05 15:18:07 - ResponseStatusException at com.talent.java.batch11.springbootapp.serviceImpl.AccountServiceImpl.handleLoginRequest (Line:157): Invalid email or password (400 BAD_REQUEST)
2026-06-05 15:18:21 - Reach Login controller
2026-06-05 15:18:37 - Commencing graceful shutdown. Waiting for active requests to complete
2026-06-05 15:18:37 - Graceful shutdown complete
2026-06-05 15:18:37 - Closing JPA EntityManagerFactory for persistence unit 'default'
2026-06-05 15:18:37 - HikariPool-1 - Shutdown initiated...
2026-06-05 15:18:37 - HikariPool-1 - Shutdown completed.
2026-06-05 15:30:20 - Starting SpringBootAppApplication using Java 21.0.2 with PID 14488 (D:\Talent_Java\IdeaProjects\spring-boot-app\build\classes\java\main started by LENOVO z in D:\Talent_Java\IdeaProjects\spring-boot-app)
2026-06-05 15:30:20 - No active profile set, falling back to 1 default profile: "default"
2026-06-05 15:30:22 - Bootstrapping Spring Data JPA repositories in DEFAULT mode.
2026-06-05 15:30:22 - Finished Spring Data repository scanning in 97 ms. Found 2 JPA repository interfaces.
2026-06-05 15:30:23 - Tomcat initialized with port 8080 (http)
2026-06-05 15:30:23 - Initializing ProtocolHandler ["http-nio-8080"]
2026-06-05 15:30:23 - Starting service [Tomcat]
2026-06-05 15:30:23 - Starting Servlet engine: [Apache Tomcat/11.0.21]
2026-06-05 15:30:24 - Root WebApplicationContext: initialization completed in 3213 ms
2026-06-05 15:30:24 - HikariPool-1 - Starting...
2026-06-05 15:30:26 - HikariPool-1 - Added connection com.mysql.cj.jdbc.ConnectionImpl@7ed8b44
2026-06-05 15:30:26 - HikariPool-1 - Start completed.
2026-06-05 15:30:26 - Database: jdbc:mysql://localhost:3306/atm_db (MySQL 8.0)
2026-06-05 15:30:26 - Successfully validated 1 migration (execution time 00:00.080s)
2026-06-05 15:30:26 - Current version of schema `atm_db`: 0
2026-06-05 15:30:26 - Schema `atm_db` is up to date. No migration necessary.
2026-06-05 15:30:26 - HHH008540: Processing PersistenceUnitInfo [name: default]
2026-06-05 15:30:26 - HHH000001: Hibernate ORM core version 7.2.12.Final
2026-06-05 15:30:27 - No LoadTimeWeaver setup: ignoring JPA class transformer
2026-06-05 15:30:27 - HHH10001005: Database info:
	Database JDBC URL [jdbc:mysql://localhost:3306/atm_db]
	Database driver: MySQL Connector/J
	Database dialect: MySQLDialect
	Database version: 8.0.39
	Default catalog/schema: atm_db/undefined
	Autocommit mode: undefined/unknown
	Isolation level: REPEATABLE_READ [default REPEATABLE_READ]
	JDBC fetch size: none
	Pool: DataSourceConnectionProvider
	Minimum pool size: undefined/unknown
	Maximum pool size: undefined/unknown
2026-06-05 15:30:29 - HHH000489: No JTA platform available (set 'hibernate.transaction.jta.platform' to enable JTA platform integration)
2026-06-05 15:30:29 - Initialized JPA EntityManagerFactory for persistence unit 'default'
2026-06-05 15:30:29 - Hibernate is in classpath; If applicable, HQL parser will be used.
2026-06-05 15:30:30 - spring.jpa.open-in-view is enabled by default. Therefore, database queries may be performed during view rendering. Explicitly configure spring.jpa.open-in-view to disable this warning
2026-06-05 15:30:30 - Global AuthenticationManager configured with UserDetailsService bean with name inMemoryUserDetailsManager
2026-06-05 15:30:31 - Adding welcome page template: index
2026-06-05 15:30:32 - Starting ProtocolHandler ["http-nio-8080"]
2026-06-05 15:30:32 - Tomcat started on port 8080 (http) with context path '/'
2026-06-05 15:30:32 - Started SpringBootAppApplication in 12.884 seconds (process running for 14.112)
2026-06-05 15:30:41 - Initializing Spring DispatcherServlet 'dispatcherServlet'
2026-06-05 15:30:41 - Initializing Servlet 'dispatcherServlet'
2026-06-05 15:30:41 - Completed initialization in 3 ms
2026-06-05 15:30:41 - Reach Login controller
2026-06-05 15:31:17 - Reach Login controller
2026-06-05 15:31:22 - Fetching account by ID: 1
2026-06-05 15:31:31 - Reach Login controller
2026-06-05 15:31:44 - Deposit API. User: admin12@gmail.com, Amount: 100000
2026-06-05 15:31:52 - Reach Login controller
2026-06-05 15:31:57 - Deposit API. User: hnin@gmail.com, Amount: 100000
2026-06-05 15:32:06 - Unhandled exception at com.talent.java.batch11.springbootapp.security.AuthServiceImpl.doFilterInternal (Line:60): JSON parse error: Invalid numeric value: Leading zeroes not allowed
2026-06-05 15:32:20 - Withdraw API. User: hnin@gmail.com, Amount: 200000
2026-06-05 15:32:20 - ResponseStatusException at com.talent.java.batch11.springbootapp.serviceImpl.AccountServiceImpl.withdrawResponse (Line:211): Insufficient funds (400 BAD_REQUEST)
2026-06-05 15:32:27 - Withdraw API. User: hnin@gmail.com, Amount: 2000
2026-06-05 15:32:31 - Topup API. User: hnin@gmail.com, Amount: 1000
2026-06-05 15:32:39 - Registering new account for email: ayeaye@gmail.com
2026-06-05 15:32:51 - Transfer API. Sender: hnin@gmail.com, Receiver Phone: 0987878788
2026-06-05 15:35:39 - Reach Login controller
2026-06-05 15:35:45 - Deposit API. User: hnin@gmail.com, Amount: 1000
2026-06-05 15:35:56 - Withdraw API. User: hnin@gmail.com, Amount: 200000
2026-06-05 15:35:56 - ResponseStatusException at com.talent.java.batch11.springbootapp.serviceImpl.AccountServiceImpl.withdrawResponse (Line:211): Insufficient funds (400 BAD_REQUEST)
2026-06-05 15:36:02 - Commencing graceful shutdown. Waiting for active requests to complete
2026-06-05 15:36:02 - Graceful shutdown complete
2026-06-05 15:36:02 - Closing JPA EntityManagerFactory for persistence unit 'default'
2026-06-05 15:36:02 - HikariPool-1 - Shutdown initiated...
2026-06-05 15:36:02 - HikariPool-1 - Shutdown completed.
